#
# TABLE STRUCTURE FOR: communities
#

DROP TABLE IF EXISTS `communities`;

CREATE TABLE `communities` (
  `id` int(10) unsigned NOT NULL AUTO_INCREMENT,
  `name` varchar(150) COLLATE utf8_unicode_ci NOT NULL,
  PRIMARY KEY (`id`),
  UNIQUE KEY `name` (`name`)
) ENGINE=InnoDB AUTO_INCREMENT=101 DEFAULT CHARSET=utf8 COLLATE=utf8_unicode_ci;

INSERT INTO `communities` (`id`, `name`) VALUES (55, 'A sint distinctio ut est ipsum dolorum.');
INSERT INTO `communities` (`id`, `name`) VALUES (51, 'Ad totam veniam quo accusantium ab aut sed.');
INSERT INTO `communities` (`id`, `name`) VALUES (48, 'Aperiam error architecto aspernatur ipsa ut.');
INSERT INTO `communities` (`id`, `name`) VALUES (9, 'Architecto omnis numquam qui quia expedita.');
INSERT INTO `communities` (`id`, `name`) VALUES (27, 'Architecto tenetur dolor blanditiis et omnis asperiores.');
INSERT INTO `communities` (`id`, `name`) VALUES (11, 'Aspernatur expedita temporibus minima optio quod maxime qui.');
INSERT INTO `communities` (`id`, `name`) VALUES (25, 'Aspernatur voluptate nostrum eum temporibus cum et consequatur.');
INSERT INTO `communities` (`id`, `name`) VALUES (84, 'Atque amet magni minima tenetur sit suscipit voluptatem.');
INSERT INTO `communities` (`id`, `name`) VALUES (77, 'Aut aut facere sunt voluptates incidunt.');
INSERT INTO `communities` (`id`, `name`) VALUES (18, 'Aut voluptas dicta adipisci suscipit.');
INSERT INTO `communities` (`id`, `name`) VALUES (49, 'Consequatur quis quia minus enim.');
INSERT INTO `communities` (`id`, `name`) VALUES (76, 'Consequatur velit exercitationem aliquid dolore aut dolores.');
INSERT INTO `communities` (`id`, `name`) VALUES (66, 'Cumque eos libero cumque et voluptas qui.');
INSERT INTO `communities` (`id`, `name`) VALUES (65, 'Cupiditate cum voluptatum omnis sit suscipit.');
INSERT INTO `communities` (`id`, `name`) VALUES (21, 'Dicta ea cum perspiciatis error quam.');
INSERT INTO `communities` (`id`, `name`) VALUES (46, 'Dicta iste repellat est cumque aut.');
INSERT INTO `communities` (`id`, `name`) VALUES (60, 'Dolor et itaque fugit aliquam ad molestiae eius.');
INSERT INTO `communities` (`id`, `name`) VALUES (75, 'Dolor voluptas recusandae et eum.');
INSERT INTO `communities` (`id`, `name`) VALUES (88, 'Dolore et dolores consectetur ut.');
INSERT INTO `communities` (`id`, `name`) VALUES (71, 'Doloremque debitis quasi aut ut neque libero voluptatem.');
INSERT INTO `communities` (`id`, `name`) VALUES (28, 'Doloremque ducimus assumenda omnis et reprehenderit aliquid.');
INSERT INTO `communities` (`id`, `name`) VALUES (20, 'Doloribus adipisci tenetur rem omnis quia ullam.');
INSERT INTO `communities` (`id`, `name`) VALUES (69, 'Dolorum enim ipsam error in.');
INSERT INTO `communities` (`id`, `name`) VALUES (15, 'Ducimus voluptatibus ullam voluptatibus consectetur laboriosam eveniet.');
INSERT INTO `communities` (`id`, `name`) VALUES (74, 'Ea velit quis minima pariatur incidunt cum ex.');
INSERT INTO `communities` (`id`, `name`) VALUES (80, 'Earum dolore itaque numquam qui porro atque.');
INSERT INTO `communities` (`id`, `name`) VALUES (2, 'Enim quisquam voluptas explicabo hic quasi est qui voluptate.');
INSERT INTO `communities` (`id`, `name`) VALUES (99, 'Eos facilis eius qui incidunt animi.');
INSERT INTO `communities` (`id`, `name`) VALUES (16, 'Eos ut repudiandae quasi dolorem.');
INSERT INTO `communities` (`id`, `name`) VALUES (100, 'Esse illo omnis modi cum.');
INSERT INTO `communities` (`id`, `name`) VALUES (94, 'Et est soluta possimus ullam excepturi ut voluptatum.');
INSERT INTO `communities` (`id`, `name`) VALUES (56, 'Et qui omnis porro aliquid necessitatibus voluptate qui exercitationem.');
INSERT INTO `communities` (`id`, `name`) VALUES (12, 'Exercitationem et facere facilis est in voluptas qui.');
INSERT INTO `communities` (`id`, `name`) VALUES (50, 'Exercitationem harum voluptate voluptatem pariatur vel placeat.');
INSERT INTO `communities` (`id`, `name`) VALUES (91, 'Facere corporis fugiat quasi sed similique amet.');
INSERT INTO `communities` (`id`, `name`) VALUES (31, 'Facere vel ut fuga repudiandae consequuntur dolorum eos quod.');
INSERT INTO `communities` (`id`, `name`) VALUES (59, 'Fuga officia est laborum.');
INSERT INTO `communities` (`id`, `name`) VALUES (1, 'Fugit est nemo provident.');
INSERT INTO `communities` (`id`, `name`) VALUES (6, 'Fugit sint enim cumque accusamus facere officiis.');
INSERT INTO `communities` (`id`, `name`) VALUES (82, 'Hic atque et a nemo reiciendis.');
INSERT INTO `communities` (`id`, `name`) VALUES (42, 'Hic eius dolorem eaque consequatur nihil.');
INSERT INTO `communities` (`id`, `name`) VALUES (13, 'Hic hic facere quos omnis.');
INSERT INTO `communities` (`id`, `name`) VALUES (73, 'Id id quia nihil dolores.');
INSERT INTO `communities` (`id`, `name`) VALUES (53, 'Id iure voluptas suscipit dolore mollitia deleniti.');
INSERT INTO `communities` (`id`, `name`) VALUES (96, 'Illo et et est est doloribus ex aspernatur.');
INSERT INTO `communities` (`id`, `name`) VALUES (90, 'Iusto et culpa suscipit ut consectetur.');
INSERT INTO `communities` (`id`, `name`) VALUES (97, 'Laudantium delectus hic eos est.');
INSERT INTO `communities` (`id`, `name`) VALUES (93, 'Libero est qui rerum hic suscipit libero aut.');
INSERT INTO `communities` (`id`, `name`) VALUES (92, 'Magnam blanditiis ut quidem et.');
INSERT INTO `communities` (`id`, `name`) VALUES (64, 'Magnam consequatur totam dolorem.');
INSERT INTO `communities` (`id`, `name`) VALUES (37, 'Magnam repellendus voluptatem illo sit natus.');
INSERT INTO `communities` (`id`, `name`) VALUES (98, 'Magni aut excepturi temporibus aut laboriosam est.');
INSERT INTO `communities` (`id`, `name`) VALUES (32, 'Maiores exercitationem sed animi exercitationem.');
INSERT INTO `communities` (`id`, `name`) VALUES (36, 'Molestiae accusamus et a iure.');
INSERT INTO `communities` (`id`, `name`) VALUES (67, 'Molestias impedit nostrum architecto tenetur.');
INSERT INTO `communities` (`id`, `name`) VALUES (39, 'Natus facilis facilis sed et est id.');
INSERT INTO `communities` (`id`, `name`) VALUES (4, 'Necessitatibus culpa laudantium quam cupiditate ratione maiores.');
INSERT INTO `communities` (`id`, `name`) VALUES (23, 'Nemo veniam dignissimos odio et quaerat natus sed.');
INSERT INTO `communities` (`id`, `name`) VALUES (35, 'Nesciunt quod autem velit tempore.');
INSERT INTO `communities` (`id`, `name`) VALUES (33, 'Nihil aliquam enim est praesentium ducimus rerum.');
INSERT INTO `communities` (`id`, `name`) VALUES (34, 'Nulla aut eaque nemo nulla neque repellat.');
INSERT INTO `communities` (`id`, `name`) VALUES (47, 'Nulla maxime dolor est dolores.');
INSERT INTO `communities` (`id`, `name`) VALUES (68, 'Officiis nulla amet tempora odit non.');
INSERT INTO `communities` (`id`, `name`) VALUES (3, 'Omnis debitis aut rem quae qui amet qui ea.');
INSERT INTO `communities` (`id`, `name`) VALUES (52, 'Omnis facere provident vero veritatis recusandae est et.');
INSERT INTO `communities` (`id`, `name`) VALUES (85, 'Omnis facilis impedit aut minus a.');
INSERT INTO `communities` (`id`, `name`) VALUES (81, 'Praesentium quia perspiciatis mollitia suscipit dolore.');
INSERT INTO `communities` (`id`, `name`) VALUES (43, 'Quae maxime incidunt cupiditate commodi sint sapiente nulla.');
INSERT INTO `communities` (`id`, `name`) VALUES (72, 'Quaerat rerum dolor sunt quidem qui nostrum.');
INSERT INTO `communities` (`id`, `name`) VALUES (17, 'Quam itaque et nobis pariatur sequi laborum.');
INSERT INTO `communities` (`id`, `name`) VALUES (24, 'Quasi qui optio accusantium eaque.');
INSERT INTO `communities` (`id`, `name`) VALUES (44, 'Qui consequatur rem nisi aut provident accusamus ut neque.');
INSERT INTO `communities` (`id`, `name`) VALUES (7, 'Qui ut sequi est recusandae aut cumque animi.');
INSERT INTO `communities` (`id`, `name`) VALUES (29, 'Quia reiciendis commodi omnis in autem.');
INSERT INTO `communities` (`id`, `name`) VALUES (63, 'Quibusdam et earum ut itaque labore.');
INSERT INTO `communities` (`id`, `name`) VALUES (14, 'Quo at vel modi neque.');
INSERT INTO `communities` (`id`, `name`) VALUES (30, 'Quod quam eaque magni aut consequuntur rerum iusto.');
INSERT INTO `communities` (`id`, `name`) VALUES (19, 'Quos aliquid nam repellat doloribus assumenda.');
INSERT INTO `communities` (`id`, `name`) VALUES (45, 'Ratione sequi illum est ipsa nostrum hic.');
INSERT INTO `communities` (`id`, `name`) VALUES (54, 'Rem et qui sit non alias recusandae eum nesciunt.');
INSERT INTO `communities` (`id`, `name`) VALUES (40, 'Repellendus ratione delectus voluptas dicta id.');
INSERT INTO `communities` (`id`, `name`) VALUES (87, 'Saepe et vel deserunt porro sapiente possimus commodi.');
INSERT INTO `communities` (`id`, `name`) VALUES (95, 'Sequi rem aut saepe sapiente ab ratione velit eveniet.');
INSERT INTO `communities` (`id`, `name`) VALUES (10, 'Sit at dolores inventore recusandae et et laudantium.');
INSERT INTO `communities` (`id`, `name`) VALUES (38, 'Sit eos rerum impedit consequuntur tempora.');
INSERT INTO `communities` (`id`, `name`) VALUES (62, 'Sunt et eveniet nisi qui excepturi vel.');
INSERT INTO `communities` (`id`, `name`) VALUES (89, 'Suscipit aut atque magni odit adipisci occaecati.');
INSERT INTO `communities` (`id`, `name`) VALUES (86, 'Tempore neque corporis illo ea qui.');
INSERT INTO `communities` (`id`, `name`) VALUES (61, 'Ullam qui non quibusdam rem ut repudiandae eum deserunt.');
INSERT INTO `communities` (`id`, `name`) VALUES (26, 'Unde hic et corrupti rerum voluptatem aliquid.');
INSERT INTO `communities` (`id`, `name`) VALUES (78, 'Unde possimus autem quia officiis dolor nesciunt.');
INSERT INTO `communities` (`id`, `name`) VALUES (83, 'Ut facere id aut.');
INSERT INTO `communities` (`id`, `name`) VALUES (57, 'Ut magnam officiis qui.');
INSERT INTO `communities` (`id`, `name`) VALUES (8, 'Velit qui dolorum quibusdam.');
INSERT INTO `communities` (`id`, `name`) VALUES (41, 'Veniam doloribus perspiciatis quam.');
INSERT INTO `communities` (`id`, `name`) VALUES (79, 'Voluptate ut aut sunt saepe in ut et.');
INSERT INTO `communities` (`id`, `name`) VALUES (70, 'Voluptatem ipsa at pariatur vitae voluptate dolores.');
INSERT INTO `communities` (`id`, `name`) VALUES (22, 'Voluptatem repellat et temporibus autem deleniti est.');
INSERT INTO `communities` (`id`, `name`) VALUES (58, 'Voluptatem sunt distinctio animi est excepturi.');
INSERT INTO `communities` (`id`, `name`) VALUES (5, 'Voluptatibus sint ea cum hic accusamus quia.');


#
# TABLE STRUCTURE FOR: communities_users
#

DROP TABLE IF EXISTS `communities_users`;

CREATE TABLE `communities_users` (
  `community_id` int(10) unsigned NOT NULL,
  `user_id` int(10) unsigned NOT NULL,
  PRIMARY KEY (`community_id`,`user_id`)
) ENGINE=InnoDB DEFAULT CHARSET=utf8 COLLATE=utf8_unicode_ci;

INSERT INTO `communities_users` (`community_id`, `user_id`) VALUES (1, 29);
INSERT INTO `communities_users` (`community_id`, `user_id`) VALUES (2, 72);
INSERT INTO `communities_users` (`community_id`, `user_id`) VALUES (2, 79);
INSERT INTO `communities_users` (`community_id`, `user_id`) VALUES (3, 67);
INSERT INTO `communities_users` (`community_id`, `user_id`) VALUES (4, 12);
INSERT INTO `communities_users` (`community_id`, `user_id`) VALUES (4, 17);
INSERT INTO `communities_users` (`community_id`, `user_id`) VALUES (4, 35);
INSERT INTO `communities_users` (`community_id`, `user_id`) VALUES (4, 38);
INSERT INTO `communities_users` (`community_id`, `user_id`) VALUES (4, 81);
INSERT INTO `communities_users` (`community_id`, `user_id`) VALUES (6, 41);
INSERT INTO `communities_users` (`community_id`, `user_id`) VALUES (7, 81);
INSERT INTO `communities_users` (`community_id`, `user_id`) VALUES (7, 87);
INSERT INTO `communities_users` (`community_id`, `user_id`) VALUES (8, 8);
INSERT INTO `communities_users` (`community_id`, `user_id`) VALUES (9, 68);
INSERT INTO `communities_users` (`community_id`, `user_id`) VALUES (11, 97);
INSERT INTO `communities_users` (`community_id`, `user_id`) VALUES (12, 17);
INSERT INTO `communities_users` (`community_id`, `user_id`) VALUES (12, 25);
INSERT INTO `communities_users` (`community_id`, `user_id`) VALUES (12, 40);
INSERT INTO `communities_users` (`community_id`, `user_id`) VALUES (14, 7);
INSERT INTO `communities_users` (`community_id`, `user_id`) VALUES (15, 16);
INSERT INTO `communities_users` (`community_id`, `user_id`) VALUES (17, 14);
INSERT INTO `communities_users` (`community_id`, `user_id`) VALUES (20, 91);
INSERT INTO `communities_users` (`community_id`, `user_id`) VALUES (22, 16);
INSERT INTO `communities_users` (`community_id`, `user_id`) VALUES (22, 94);
INSERT INTO `communities_users` (`community_id`, `user_id`) VALUES (23, 11);
INSERT INTO `communities_users` (`community_id`, `user_id`) VALUES (24, 79);
INSERT INTO `communities_users` (`community_id`, `user_id`) VALUES (25, 62);
INSERT INTO `communities_users` (`community_id`, `user_id`) VALUES (26, 75);
INSERT INTO `communities_users` (`community_id`, `user_id`) VALUES (27, 9);
INSERT INTO `communities_users` (`community_id`, `user_id`) VALUES (27, 27);
INSERT INTO `communities_users` (`community_id`, `user_id`) VALUES (29, 85);
INSERT INTO `communities_users` (`community_id`, `user_id`) VALUES (30, 36);
INSERT INTO `communities_users` (`community_id`, `user_id`) VALUES (30, 51);
INSERT INTO `communities_users` (`community_id`, `user_id`) VALUES (30, 95);
INSERT INTO `communities_users` (`community_id`, `user_id`) VALUES (31, 36);
INSERT INTO `communities_users` (`community_id`, `user_id`) VALUES (32, 53);
INSERT INTO `communities_users` (`community_id`, `user_id`) VALUES (32, 64);
INSERT INTO `communities_users` (`community_id`, `user_id`) VALUES (32, 73);
INSERT INTO `communities_users` (`community_id`, `user_id`) VALUES (32, 93);
INSERT INTO `communities_users` (`community_id`, `user_id`) VALUES (34, 4);
INSERT INTO `communities_users` (`community_id`, `user_id`) VALUES (34, 12);
INSERT INTO `communities_users` (`community_id`, `user_id`) VALUES (34, 43);
INSERT INTO `communities_users` (`community_id`, `user_id`) VALUES (36, 38);
INSERT INTO `communities_users` (`community_id`, `user_id`) VALUES (36, 53);
INSERT INTO `communities_users` (`community_id`, `user_id`) VALUES (38, 97);
INSERT INTO `communities_users` (`community_id`, `user_id`) VALUES (38, 99);
INSERT INTO `communities_users` (`community_id`, `user_id`) VALUES (41, 9);
INSERT INTO `communities_users` (`community_id`, `user_id`) VALUES (41, 92);
INSERT INTO `communities_users` (`community_id`, `user_id`) VALUES (41, 95);
INSERT INTO `communities_users` (`community_id`, `user_id`) VALUES (42, 81);
INSERT INTO `communities_users` (`community_id`, `user_id`) VALUES (43, 15);
INSERT INTO `communities_users` (`community_id`, `user_id`) VALUES (43, 97);
INSERT INTO `communities_users` (`community_id`, `user_id`) VALUES (44, 98);
INSERT INTO `communities_users` (`community_id`, `user_id`) VALUES (45, 79);
INSERT INTO `communities_users` (`community_id`, `user_id`) VALUES (46, 95);
INSERT INTO `communities_users` (`community_id`, `user_id`) VALUES (47, 34);
INSERT INTO `communities_users` (`community_id`, `user_id`) VALUES (48, 33);
INSERT INTO `communities_users` (`community_id`, `user_id`) VALUES (51, 33);
INSERT INTO `communities_users` (`community_id`, `user_id`) VALUES (54, 90);
INSERT INTO `communities_users` (`community_id`, `user_id`) VALUES (55, 49);
INSERT INTO `communities_users` (`community_id`, `user_id`) VALUES (58, 20);
INSERT INTO `communities_users` (`community_id`, `user_id`) VALUES (58, 43);
INSERT INTO `communities_users` (`community_id`, `user_id`) VALUES (59, 5);
INSERT INTO `communities_users` (`community_id`, `user_id`) VALUES (59, 53);
INSERT INTO `communities_users` (`community_id`, `user_id`) VALUES (59, 79);
INSERT INTO `communities_users` (`community_id`, `user_id`) VALUES (62, 25);
INSERT INTO `communities_users` (`community_id`, `user_id`) VALUES (64, 18);
INSERT INTO `communities_users` (`community_id`, `user_id`) VALUES (67, 40);
INSERT INTO `communities_users` (`community_id`, `user_id`) VALUES (67, 72);
INSERT INTO `communities_users` (`community_id`, `user_id`) VALUES (67, 82);
INSERT INTO `communities_users` (`community_id`, `user_id`) VALUES (70, 42);
INSERT INTO `communities_users` (`community_id`, `user_id`) VALUES (75, 17);
INSERT INTO `communities_users` (`community_id`, `user_id`) VALUES (75, 31);
INSERT INTO `communities_users` (`community_id`, `user_id`) VALUES (75, 54);
INSERT INTO `communities_users` (`community_id`, `user_id`) VALUES (75, 91);
INSERT INTO `communities_users` (`community_id`, `user_id`) VALUES (76, 22);
INSERT INTO `communities_users` (`community_id`, `user_id`) VALUES (76, 34);
INSERT INTO `communities_users` (`community_id`, `user_id`) VALUES (76, 86);
INSERT INTO `communities_users` (`community_id`, `user_id`) VALUES (77, 24);
INSERT INTO `communities_users` (`community_id`, `user_id`) VALUES (78, 1);
INSERT INTO `communities_users` (`community_id`, `user_id`) VALUES (79, 34);
INSERT INTO `communities_users` (`community_id`, `user_id`) VALUES (81, 98);
INSERT INTO `communities_users` (`community_id`, `user_id`) VALUES (83, 88);
INSERT INTO `communities_users` (`community_id`, `user_id`) VALUES (84, 14);
INSERT INTO `communities_users` (`community_id`, `user_id`) VALUES (85, 81);
INSERT INTO `communities_users` (`community_id`, `user_id`) VALUES (86, 14);
INSERT INTO `communities_users` (`community_id`, `user_id`) VALUES (87, 32);
INSERT INTO `communities_users` (`community_id`, `user_id`) VALUES (88, 1);
INSERT INTO `communities_users` (`community_id`, `user_id`) VALUES (88, 90);
INSERT INTO `communities_users` (`community_id`, `user_id`) VALUES (91, 16);
INSERT INTO `communities_users` (`community_id`, `user_id`) VALUES (91, 70);
INSERT INTO `communities_users` (`community_id`, `user_id`) VALUES (92, 18);
INSERT INTO `communities_users` (`community_id`, `user_id`) VALUES (94, 51);
INSERT INTO `communities_users` (`community_id`, `user_id`) VALUES (94, 97);
INSERT INTO `communities_users` (`community_id`, `user_id`) VALUES (95, 21);
INSERT INTO `communities_users` (`community_id`, `user_id`) VALUES (95, 48);
INSERT INTO `communities_users` (`community_id`, `user_id`) VALUES (97, 70);
INSERT INTO `communities_users` (`community_id`, `user_id`) VALUES (98, 76);
INSERT INTO `communities_users` (`community_id`, `user_id`) VALUES (99, 60);
INSERT INTO `communities_users` (`community_id`, `user_id`) VALUES (99, 89);


#
# TABLE STRUCTURE FOR: friendship
#

DROP TABLE IF EXISTS `friendship`;

CREATE TABLE `friendship` (
  `user_id` int(10) unsigned NOT NULL,
  `friend_id` int(10) unsigned NOT NULL,
  `status_id` int(10) unsigned NOT NULL,
  `requested_at` datetime DEFAULT current_timestamp(),
  `confirmed_at` datetime DEFAULT NULL,
  PRIMARY KEY (`user_id`,`friend_id`)
) ENGINE=InnoDB DEFAULT CHARSET=utf8 COLLATE=utf8_unicode_ci;

INSERT INTO `friendship` (`user_id`, `friend_id`, `status_id`, `requested_at`, `confirmed_at`) VALUES (1, 36, 76, '2016-10-03 20:54:02', '2013-03-30 08:46:23');
INSERT INTO `friendship` (`user_id`, `friend_id`, `status_id`, `requested_at`, `confirmed_at`) VALUES (2, 87, 11, '2015-12-16 01:35:43', '2011-10-19 22:08:27');
INSERT INTO `friendship` (`user_id`, `friend_id`, `status_id`, `requested_at`, `confirmed_at`) VALUES (3, 79, 22, '2013-04-12 14:18:27', '2010-07-13 09:19:22');
INSERT INTO `friendship` (`user_id`, `friend_id`, `status_id`, `requested_at`, `confirmed_at`) VALUES (4, 62, 66, '2015-02-19 14:29:38', '2014-12-25 03:05:12');
INSERT INTO `friendship` (`user_id`, `friend_id`, `status_id`, `requested_at`, `confirmed_at`) VALUES (5, 53, 29, '2019-11-21 21:34:49', '2011-06-08 14:22:04');
INSERT INTO `friendship` (`user_id`, `friend_id`, `status_id`, `requested_at`, `confirmed_at`) VALUES (6, 16, 85, '2012-06-19 00:48:35', '2014-04-18 22:30:35');
INSERT INTO `friendship` (`user_id`, `friend_id`, `status_id`, `requested_at`, `confirmed_at`) VALUES (7, 91, 48, '2014-03-15 18:11:51', '2018-02-21 13:12:44');
INSERT INTO `friendship` (`user_id`, `friend_id`, `status_id`, `requested_at`, `confirmed_at`) VALUES (8, 29, 89, '2011-03-21 08:39:33', '2015-06-22 02:52:02');
INSERT INTO `friendship` (`user_id`, `friend_id`, `status_id`, `requested_at`, `confirmed_at`) VALUES (9, 91, 59, '2015-02-23 20:34:59', '2013-01-06 08:47:51');
INSERT INTO `friendship` (`user_id`, `friend_id`, `status_id`, `requested_at`, `confirmed_at`) VALUES (10, 32, 7, '2011-08-31 09:44:57', '2015-04-04 03:04:37');
INSERT INTO `friendship` (`user_id`, `friend_id`, `status_id`, `requested_at`, `confirmed_at`) VALUES (11, 49, 86, '2013-09-25 03:22:04', '2013-12-08 08:05:25');
INSERT INTO `friendship` (`user_id`, `friend_id`, `status_id`, `requested_at`, `confirmed_at`) VALUES (12, 32, 51, '2017-08-25 04:30:08', '2016-09-06 13:53:49');
INSERT INTO `friendship` (`user_id`, `friend_id`, `status_id`, `requested_at`, `confirmed_at`) VALUES (13, 16, 15, '2019-02-19 08:54:34', '2012-06-15 07:59:31');
INSERT INTO `friendship` (`user_id`, `friend_id`, `status_id`, `requested_at`, `confirmed_at`) VALUES (14, 63, 19, '2012-07-18 19:00:16', '2012-02-07 19:33:48');
INSERT INTO `friendship` (`user_id`, `friend_id`, `status_id`, `requested_at`, `confirmed_at`) VALUES (15, 40, 42, '2012-11-18 16:01:12', '2013-07-23 23:28:12');
INSERT INTO `friendship` (`user_id`, `friend_id`, `status_id`, `requested_at`, `confirmed_at`) VALUES (16, 32, 75, '2020-03-16 06:25:48', '2015-07-22 03:37:14');
INSERT INTO `friendship` (`user_id`, `friend_id`, `status_id`, `requested_at`, `confirmed_at`) VALUES (17, 18, 19, '2015-11-20 05:23:02', '2014-04-08 08:11:44');
INSERT INTO `friendship` (`user_id`, `friend_id`, `status_id`, `requested_at`, `confirmed_at`) VALUES (18, 86, 97, '2016-02-18 09:04:08', '2019-05-27 10:38:15');
INSERT INTO `friendship` (`user_id`, `friend_id`, `status_id`, `requested_at`, `confirmed_at`) VALUES (19, 40, 47, '2012-04-21 03:24:21', '2014-06-22 06:46:12');
INSERT INTO `friendship` (`user_id`, `friend_id`, `status_id`, `requested_at`, `confirmed_at`) VALUES (20, 62, 93, '2017-10-09 14:39:50', '2016-09-26 01:23:50');
INSERT INTO `friendship` (`user_id`, `friend_id`, `status_id`, `requested_at`, `confirmed_at`) VALUES (21, 76, 78, '2013-11-10 00:09:37', '2010-11-30 11:32:19');
INSERT INTO `friendship` (`user_id`, `friend_id`, `status_id`, `requested_at`, `confirmed_at`) VALUES (22, 77, 66, '2011-12-05 20:23:39', '2015-12-21 05:25:55');
INSERT INTO `friendship` (`user_id`, `friend_id`, `status_id`, `requested_at`, `confirmed_at`) VALUES (23, 26, 6, '2011-07-23 19:02:17', '2012-03-22 17:08:25');
INSERT INTO `friendship` (`user_id`, `friend_id`, `status_id`, `requested_at`, `confirmed_at`) VALUES (24, 55, 16, '2019-04-02 13:13:31', '2013-12-09 09:28:32');
INSERT INTO `friendship` (`user_id`, `friend_id`, `status_id`, `requested_at`, `confirmed_at`) VALUES (25, 65, 87, '2019-04-27 13:21:16', '2010-10-13 20:21:55');
INSERT INTO `friendship` (`user_id`, `friend_id`, `status_id`, `requested_at`, `confirmed_at`) VALUES (26, 22, 13, '2017-12-11 14:28:09', '2011-06-24 19:06:30');
INSERT INTO `friendship` (`user_id`, `friend_id`, `status_id`, `requested_at`, `confirmed_at`) VALUES (27, 73, 54, '2011-05-23 07:06:59', '2016-03-05 05:04:46');
INSERT INTO `friendship` (`user_id`, `friend_id`, `status_id`, `requested_at`, `confirmed_at`) VALUES (28, 64, 88, '2017-11-22 20:03:21', '2017-12-16 07:05:39');
INSERT INTO `friendship` (`user_id`, `friend_id`, `status_id`, `requested_at`, `confirmed_at`) VALUES (29, 68, 26, '2012-01-08 05:06:27', '2015-05-06 22:38:22');
INSERT INTO `friendship` (`user_id`, `friend_id`, `status_id`, `requested_at`, `confirmed_at`) VALUES (30, 7, 7, '2015-03-15 04:38:56', '2015-10-14 11:06:15');
INSERT INTO `friendship` (`user_id`, `friend_id`, `status_id`, `requested_at`, `confirmed_at`) VALUES (31, 68, 39, '2020-03-22 01:54:38', '2015-11-30 23:38:11');
INSERT INTO `friendship` (`user_id`, `friend_id`, `status_id`, `requested_at`, `confirmed_at`) VALUES (32, 81, 85, '2017-12-11 10:05:12', '2013-02-14 02:35:51');
INSERT INTO `friendship` (`user_id`, `friend_id`, `status_id`, `requested_at`, `confirmed_at`) VALUES (33, 57, 66, '2018-11-14 04:11:17', '2018-07-08 23:38:39');
INSERT INTO `friendship` (`user_id`, `friend_id`, `status_id`, `requested_at`, `confirmed_at`) VALUES (34, 81, 97, '2018-08-25 12:18:13', '2016-08-16 04:42:54');
INSERT INTO `friendship` (`user_id`, `friend_id`, `status_id`, `requested_at`, `confirmed_at`) VALUES (35, 13, 43, '2015-04-06 18:11:55', '2015-07-12 05:01:43');
INSERT INTO `friendship` (`user_id`, `friend_id`, `status_id`, `requested_at`, `confirmed_at`) VALUES (36, 89, 89, '2011-05-13 09:28:22', '2010-10-01 12:14:04');
INSERT INTO `friendship` (`user_id`, `friend_id`, `status_id`, `requested_at`, `confirmed_at`) VALUES (37, 21, 66, '2013-12-05 07:19:15', '2014-07-24 13:30:24');
INSERT INTO `friendship` (`user_id`, `friend_id`, `status_id`, `requested_at`, `confirmed_at`) VALUES (38, 55, 46, '2017-04-22 08:49:47', '2011-03-05 12:25:39');
INSERT INTO `friendship` (`user_id`, `friend_id`, `status_id`, `requested_at`, `confirmed_at`) VALUES (39, 72, 10, '2011-07-29 01:14:02', '2018-07-25 14:52:06');
INSERT INTO `friendship` (`user_id`, `friend_id`, `status_id`, `requested_at`, `confirmed_at`) VALUES (40, 61, 36, '2016-08-08 02:20:37', '2011-08-03 16:11:26');
INSERT INTO `friendship` (`user_id`, `friend_id`, `status_id`, `requested_at`, `confirmed_at`) VALUES (41, 96, 83, '2018-04-27 00:47:05', '2015-01-22 11:14:24');
INSERT INTO `friendship` (`user_id`, `friend_id`, `status_id`, `requested_at`, `confirmed_at`) VALUES (42, 49, 68, '2017-11-25 21:17:42', '2017-06-11 20:52:17');
INSERT INTO `friendship` (`user_id`, `friend_id`, `status_id`, `requested_at`, `confirmed_at`) VALUES (43, 36, 12, '2011-04-20 17:25:36', '2013-09-16 19:11:24');
INSERT INTO `friendship` (`user_id`, `friend_id`, `status_id`, `requested_at`, `confirmed_at`) VALUES (44, 55, 3, '2013-01-24 20:00:06', '2011-09-06 20:28:39');
INSERT INTO `friendship` (`user_id`, `friend_id`, `status_id`, `requested_at`, `confirmed_at`) VALUES (45, 38, 62, '2015-12-16 11:24:49', '2012-06-29 10:02:15');
INSERT INTO `friendship` (`user_id`, `friend_id`, `status_id`, `requested_at`, `confirmed_at`) VALUES (46, 10, 5, '2015-11-19 05:09:10', '2016-10-17 21:42:07');
INSERT INTO `friendship` (`user_id`, `friend_id`, `status_id`, `requested_at`, `confirmed_at`) VALUES (47, 100, 91, '2014-11-04 10:51:35', '2013-02-27 16:54:23');
INSERT INTO `friendship` (`user_id`, `friend_id`, `status_id`, `requested_at`, `confirmed_at`) VALUES (48, 90, 57, '2018-12-27 06:26:44', '2014-05-13 06:56:04');
INSERT INTO `friendship` (`user_id`, `friend_id`, `status_id`, `requested_at`, `confirmed_at`) VALUES (49, 57, 70, '2011-07-22 17:11:31', '2018-05-31 17:45:07');
INSERT INTO `friendship` (`user_id`, `friend_id`, `status_id`, `requested_at`, `confirmed_at`) VALUES (50, 53, 69, '2010-10-10 04:24:33', '2018-02-13 06:54:53');
INSERT INTO `friendship` (`user_id`, `friend_id`, `status_id`, `requested_at`, `confirmed_at`) VALUES (51, 13, 42, '2013-03-28 02:40:08', '2019-11-05 14:21:13');
INSERT INTO `friendship` (`user_id`, `friend_id`, `status_id`, `requested_at`, `confirmed_at`) VALUES (52, 57, 33, '2016-06-28 19:22:40', '2015-02-13 00:58:13');
INSERT INTO `friendship` (`user_id`, `friend_id`, `status_id`, `requested_at`, `confirmed_at`) VALUES (53, 7, 12, '2019-07-18 22:07:59', '2016-03-21 08:03:08');
INSERT INTO `friendship` (`user_id`, `friend_id`, `status_id`, `requested_at`, `confirmed_at`) VALUES (54, 78, 79, '2011-08-13 08:37:52', '2017-10-03 09:27:56');
INSERT INTO `friendship` (`user_id`, `friend_id`, `status_id`, `requested_at`, `confirmed_at`) VALUES (55, 21, 39, '2018-11-22 21:53:04', '2019-08-14 06:07:56');
INSERT INTO `friendship` (`user_id`, `friend_id`, `status_id`, `requested_at`, `confirmed_at`) VALUES (56, 15, 16, '2016-12-20 13:52:01', '2017-02-18 06:02:59');
INSERT INTO `friendship` (`user_id`, `friend_id`, `status_id`, `requested_at`, `confirmed_at`) VALUES (57, 22, 63, '2010-07-01 08:35:05', '2016-01-13 04:30:17');
INSERT INTO `friendship` (`user_id`, `friend_id`, `status_id`, `requested_at`, `confirmed_at`) VALUES (58, 83, 57, '2014-11-13 19:58:21', '2014-08-12 03:23:11');
INSERT INTO `friendship` (`user_id`, `friend_id`, `status_id`, `requested_at`, `confirmed_at`) VALUES (59, 74, 38, '2014-02-09 08:50:27', '2014-08-17 21:25:27');
INSERT INTO `friendship` (`user_id`, `friend_id`, `status_id`, `requested_at`, `confirmed_at`) VALUES (60, 60, 12, '2011-11-21 12:42:32', '2011-05-05 12:31:46');
INSERT INTO `friendship` (`user_id`, `friend_id`, `status_id`, `requested_at`, `confirmed_at`) VALUES (61, 100, 70, '2019-07-19 13:26:50', '2012-12-13 08:19:07');
INSERT INTO `friendship` (`user_id`, `friend_id`, `status_id`, `requested_at`, `confirmed_at`) VALUES (62, 16, 99, '2011-09-13 05:06:12', '2013-04-28 20:49:21');
INSERT INTO `friendship` (`user_id`, `friend_id`, `status_id`, `requested_at`, `confirmed_at`) VALUES (63, 60, 6, '2016-07-14 19:43:46', '2019-05-21 02:36:30');
INSERT INTO `friendship` (`user_id`, `friend_id`, `status_id`, `requested_at`, `confirmed_at`) VALUES (64, 55, 16, '2019-07-20 07:53:34', '2015-10-31 08:42:40');
INSERT INTO `friendship` (`user_id`, `friend_id`, `status_id`, `requested_at`, `confirmed_at`) VALUES (65, 75, 8, '2015-09-07 12:56:16', '2016-06-17 01:54:24');
INSERT INTO `friendship` (`user_id`, `friend_id`, `status_id`, `requested_at`, `confirmed_at`) VALUES (66, 85, 88, '2016-10-08 16:15:39', '2015-05-21 19:43:57');
INSERT INTO `friendship` (`user_id`, `friend_id`, `status_id`, `requested_at`, `confirmed_at`) VALUES (67, 50, 42, '2011-06-24 04:49:09', '2016-10-19 05:33:40');
INSERT INTO `friendship` (`user_id`, `friend_id`, `status_id`, `requested_at`, `confirmed_at`) VALUES (68, 20, 56, '2019-11-06 23:03:49', '2010-07-24 09:04:44');
INSERT INTO `friendship` (`user_id`, `friend_id`, `status_id`, `requested_at`, `confirmed_at`) VALUES (69, 53, 98, '2017-06-03 10:29:05', '2011-08-01 23:35:26');
INSERT INTO `friendship` (`user_id`, `friend_id`, `status_id`, `requested_at`, `confirmed_at`) VALUES (70, 35, 73, '2017-08-26 01:27:10', '2013-12-02 14:53:05');
INSERT INTO `friendship` (`user_id`, `friend_id`, `status_id`, `requested_at`, `confirmed_at`) VALUES (71, 37, 49, '2010-09-02 19:51:49', '2019-06-09 08:44:00');
INSERT INTO `friendship` (`user_id`, `friend_id`, `status_id`, `requested_at`, `confirmed_at`) VALUES (72, 88, 58, '2014-10-04 01:04:47', '2019-09-15 15:17:35');
INSERT INTO `friendship` (`user_id`, `friend_id`, `status_id`, `requested_at`, `confirmed_at`) VALUES (73, 11, 71, '2017-09-13 14:09:54', '2017-09-15 19:39:34');
INSERT INTO `friendship` (`user_id`, `friend_id`, `status_id`, `requested_at`, `confirmed_at`) VALUES (74, 15, 85, '2017-05-30 19:07:22', '2014-12-30 00:34:08');
INSERT INTO `friendship` (`user_id`, `friend_id`, `status_id`, `requested_at`, `confirmed_at`) VALUES (75, 9, 75, '2015-11-21 20:52:51', '2011-10-05 22:21:44');
INSERT INTO `friendship` (`user_id`, `friend_id`, `status_id`, `requested_at`, `confirmed_at`) VALUES (76, 97, 8, '2018-09-21 19:22:31', '2015-05-10 01:57:44');
INSERT INTO `friendship` (`user_id`, `friend_id`, `status_id`, `requested_at`, `confirmed_at`) VALUES (77, 44, 13, '2017-09-18 00:46:56', '2010-09-17 21:17:57');
INSERT INTO `friendship` (`user_id`, `friend_id`, `status_id`, `requested_at`, `confirmed_at`) VALUES (78, 7, 4, '2019-03-23 09:08:40', '2014-06-25 14:29:41');
INSERT INTO `friendship` (`user_id`, `friend_id`, `status_id`, `requested_at`, `confirmed_at`) VALUES (79, 18, 62, '2016-05-11 12:13:05', '2018-11-10 16:35:25');
INSERT INTO `friendship` (`user_id`, `friend_id`, `status_id`, `requested_at`, `confirmed_at`) VALUES (80, 19, 93, '2014-07-14 17:21:55', '2019-10-29 13:37:01');
INSERT INTO `friendship` (`user_id`, `friend_id`, `status_id`, `requested_at`, `confirmed_at`) VALUES (81, 70, 4, '2019-01-31 05:37:38', '2018-10-07 21:01:20');
INSERT INTO `friendship` (`user_id`, `friend_id`, `status_id`, `requested_at`, `confirmed_at`) VALUES (82, 80, 19, '2013-07-08 08:08:26', '2012-11-06 22:16:31');
INSERT INTO `friendship` (`user_id`, `friend_id`, `status_id`, `requested_at`, `confirmed_at`) VALUES (83, 45, 100, '2018-04-09 05:08:53', '2014-03-21 13:40:28');
INSERT INTO `friendship` (`user_id`, `friend_id`, `status_id`, `requested_at`, `confirmed_at`) VALUES (84, 75, 98, '2019-07-03 06:38:28', '2018-09-28 20:51:15');
INSERT INTO `friendship` (`user_id`, `friend_id`, `status_id`, `requested_at`, `confirmed_at`) VALUES (85, 97, 9, '2017-06-03 10:46:58', '2014-04-18 08:49:38');
INSERT INTO `friendship` (`user_id`, `friend_id`, `status_id`, `requested_at`, `confirmed_at`) VALUES (86, 70, 34, '2013-01-10 00:56:44', '2019-11-03 11:12:55');
INSERT INTO `friendship` (`user_id`, `friend_id`, `status_id`, `requested_at`, `confirmed_at`) VALUES (87, 57, 58, '2016-07-07 23:05:12', '2018-12-19 23:20:23');
INSERT INTO `friendship` (`user_id`, `friend_id`, `status_id`, `requested_at`, `confirmed_at`) VALUES (88, 91, 68, '2014-12-28 18:05:16', '2013-11-10 13:43:19');
INSERT INTO `friendship` (`user_id`, `friend_id`, `status_id`, `requested_at`, `confirmed_at`) VALUES (89, 29, 6, '2016-07-10 02:00:15', '2013-10-01 17:52:24');
INSERT INTO `friendship` (`user_id`, `friend_id`, `status_id`, `requested_at`, `confirmed_at`) VALUES (90, 53, 38, '2011-09-05 04:04:15', '2019-06-29 04:14:25');
INSERT INTO `friendship` (`user_id`, `friend_id`, `status_id`, `requested_at`, `confirmed_at`) VALUES (91, 80, 49, '2020-04-04 11:25:40', '2016-11-22 14:04:02');
INSERT INTO `friendship` (`user_id`, `friend_id`, `status_id`, `requested_at`, `confirmed_at`) VALUES (92, 45, 24, '2015-01-31 21:57:40', '2015-06-10 10:39:01');
INSERT INTO `friendship` (`user_id`, `friend_id`, `status_id`, `requested_at`, `confirmed_at`) VALUES (93, 61, 52, '2016-01-25 17:52:40', '2018-12-08 23:09:05');
INSERT INTO `friendship` (`user_id`, `friend_id`, `status_id`, `requested_at`, `confirmed_at`) VALUES (94, 27, 78, '2016-07-05 18:12:31', '2012-12-11 22:59:31');
INSERT INTO `friendship` (`user_id`, `friend_id`, `status_id`, `requested_at`, `confirmed_at`) VALUES (95, 13, 46, '2017-08-23 20:57:45', '2013-01-07 04:15:49');
INSERT INTO `friendship` (`user_id`, `friend_id`, `status_id`, `requested_at`, `confirmed_at`) VALUES (96, 70, 82, '2012-03-06 01:46:07', '2012-11-11 03:19:49');
INSERT INTO `friendship` (`user_id`, `friend_id`, `status_id`, `requested_at`, `confirmed_at`) VALUES (97, 49, 50, '2015-02-07 04:40:08', '2012-11-20 06:29:15');
INSERT INTO `friendship` (`user_id`, `friend_id`, `status_id`, `requested_at`, `confirmed_at`) VALUES (98, 100, 94, '2019-01-31 02:37:10', '2010-08-26 12:19:33');
INSERT INTO `friendship` (`user_id`, `friend_id`, `status_id`, `requested_at`, `confirmed_at`) VALUES (99, 49, 74, '2016-07-11 06:59:20', '2011-07-29 23:55:47');
INSERT INTO `friendship` (`user_id`, `friend_id`, `status_id`, `requested_at`, `confirmed_at`) VALUES (100, 91, 46, '2011-07-21 01:47:33', '2013-07-05 05:28:01');


#
# TABLE STRUCTURE FOR: friendship_statuses
#

DROP TABLE IF EXISTS `friendship_statuses`;

CREATE TABLE `friendship_statuses` (
  `id` int(10) unsigned NOT NULL AUTO_INCREMENT,
  `name` varchar(150) COLLATE utf8_unicode_ci NOT NULL,
  PRIMARY KEY (`id`),
  UNIQUE KEY `name` (`name`)
) ENGINE=InnoDB AUTO_INCREMENT=101 DEFAULT CHARSET=utf8 COLLATE=utf8_unicode_ci;

INSERT INTO `friendship_statuses` (`id`, `name`) VALUES (66, 'Ab molestiae sed occaecati ullam sapiente non.');
INSERT INTO `friendship_statuses` (`id`, `name`) VALUES (87, 'Accusantium officia rerum accusamus voluptates.');
INSERT INTO `friendship_statuses` (`id`, `name`) VALUES (86, 'Alias iste sit non suscipit sit.');
INSERT INTO `friendship_statuses` (`id`, `name`) VALUES (74, 'Aliquam consequatur qui dignissimos neque exercitationem non.');
INSERT INTO `friendship_statuses` (`id`, `name`) VALUES (92, 'Architecto voluptatum eum neque laboriosam.');
INSERT INTO `friendship_statuses` (`id`, `name`) VALUES (90, 'Aspernatur laboriosam veritatis architecto vel.');
INSERT INTO `friendship_statuses` (`id`, `name`) VALUES (84, 'Aspernatur quam deleniti dolores et.');
INSERT INTO `friendship_statuses` (`id`, `name`) VALUES (62, 'Atque et consectetur voluptatem facilis labore at aut impedit.');
INSERT INTO `friendship_statuses` (`id`, `name`) VALUES (33, 'Aut nostrum iusto est excepturi nam adipisci optio.');
INSERT INTO `friendship_statuses` (`id`, `name`) VALUES (42, 'Aut perferendis magni dicta quis sunt placeat non.');
INSERT INTO `friendship_statuses` (`id`, `name`) VALUES (36, 'Aut vero voluptas magni quae totam quia dolor adipisci.');
INSERT INTO `friendship_statuses` (`id`, `name`) VALUES (79, 'Consectetur iste esse possimus aut.');
INSERT INTO `friendship_statuses` (`id`, `name`) VALUES (32, 'Cupiditate sint enim praesentium.');
INSERT INTO `friendship_statuses` (`id`, `name`) VALUES (98, 'Cupiditate voluptatum rerum voluptate ut.');
INSERT INTO `friendship_statuses` (`id`, `name`) VALUES (2, 'Deserunt ex tenetur est veritatis.');
INSERT INTO `friendship_statuses` (`id`, `name`) VALUES (29, 'Dolore dicta facere numquam fuga eius aut ut.');
INSERT INTO `friendship_statuses` (`id`, `name`) VALUES (83, 'Dolorem dolorum aut atque excepturi.');
INSERT INTO `friendship_statuses` (`id`, `name`) VALUES (19, 'Dolorem eum deserunt ducimus porro.');
INSERT INTO `friendship_statuses` (`id`, `name`) VALUES (55, 'Dolorem vitae alias quisquam adipisci a voluptates fuga.');
INSERT INTO `friendship_statuses` (`id`, `name`) VALUES (23, 'Dolores est velit quas et quae aliquam.');
INSERT INTO `friendship_statuses` (`id`, `name`) VALUES (54, 'Dolores sunt quia possimus corrupti consequatur.');
INSERT INTO `friendship_statuses` (`id`, `name`) VALUES (89, 'Eligendi placeat aspernatur recusandae consequatur quisquam totam.');
INSERT INTO `friendship_statuses` (`id`, `name`) VALUES (52, 'Eos animi illum nostrum eum enim.');
INSERT INTO `friendship_statuses` (`id`, `name`) VALUES (37, 'Est sint quis quis inventore.');
INSERT INTO `friendship_statuses` (`id`, `name`) VALUES (22, 'Et est aut consectetur recusandae.');
INSERT INTO `friendship_statuses` (`id`, `name`) VALUES (8, 'Et labore officiis mollitia.');
INSERT INTO `friendship_statuses` (`id`, `name`) VALUES (88, 'Et nemo ratione aperiam ea quos.');
INSERT INTO `friendship_statuses` (`id`, `name`) VALUES (64, 'Et voluptatem ut minus quas.');
INSERT INTO `friendship_statuses` (`id`, `name`) VALUES (41, 'Exercitationem quod minus et ea.');
INSERT INTO `friendship_statuses` (`id`, `name`) VALUES (25, 'Explicabo ipsam ea repudiandae aut nam omnis.');
INSERT INTO `friendship_statuses` (`id`, `name`) VALUES (27, 'Explicabo sed deleniti quaerat repellendus autem debitis a.');
INSERT INTO `friendship_statuses` (`id`, `name`) VALUES (5, 'Fuga harum excepturi et non tempora ut sed asperiores.');
INSERT INTO `friendship_statuses` (`id`, `name`) VALUES (49, 'Fugiat hic non quaerat et voluptas vel.');
INSERT INTO `friendship_statuses` (`id`, `name`) VALUES (15, 'Id voluptatem distinctio eaque.');
INSERT INTO `friendship_statuses` (`id`, `name`) VALUES (28, 'Impedit voluptatem culpa est necessitatibus nihil.');
INSERT INTO `friendship_statuses` (`id`, `name`) VALUES (58, 'In culpa et placeat rem aut.');
INSERT INTO `friendship_statuses` (`id`, `name`) VALUES (75, 'Inventore provident nihil aut iste aut qui incidunt.');
INSERT INTO `friendship_statuses` (`id`, `name`) VALUES (78, 'Ipsa sed et sapiente tempore voluptatibus quae.');
INSERT INTO `friendship_statuses` (`id`, `name`) VALUES (97, 'Ipsum minus et aut autem.');
INSERT INTO `friendship_statuses` (`id`, `name`) VALUES (40, 'Iste explicabo necessitatibus accusamus sunt molestias similique.');
INSERT INTO `friendship_statuses` (`id`, `name`) VALUES (71, 'Iusto qui ut fugit assumenda adipisci quia omnis.');
INSERT INTO `friendship_statuses` (`id`, `name`) VALUES (16, 'Laudantium molestiae ut consectetur odit culpa.');
INSERT INTO `friendship_statuses` (`id`, `name`) VALUES (17, 'Magni sunt consequatur rerum non laudantium illum omnis.');
INSERT INTO `friendship_statuses` (`id`, `name`) VALUES (67, 'Maxime quo molestias quae sed eaque qui id.');
INSERT INTO `friendship_statuses` (`id`, `name`) VALUES (46, 'Minima quisquam est odio laborum.');
INSERT INTO `friendship_statuses` (`id`, `name`) VALUES (10, 'Minima rerum non nostrum eum qui.');
INSERT INTO `friendship_statuses` (`id`, `name`) VALUES (3, 'Neque repudiandae voluptatum consectetur tempore earum.');
INSERT INTO `friendship_statuses` (`id`, `name`) VALUES (85, 'Nesciunt voluptatem voluptatibus quidem tempore sapiente quam.');
INSERT INTO `friendship_statuses` (`id`, `name`) VALUES (53, 'Nihil asperiores consequatur laboriosam itaque quod.');
INSERT INTO `friendship_statuses` (`id`, `name`) VALUES (48, 'Nihil temporibus officiis id modi fugit ullam quo.');
INSERT INTO `friendship_statuses` (`id`, `name`) VALUES (91, 'Nisi aspernatur autem eius id.');
INSERT INTO `friendship_statuses` (`id`, `name`) VALUES (51, 'Nobis aspernatur eveniet totam quam in excepturi a.');
INSERT INTO `friendship_statuses` (`id`, `name`) VALUES (6, 'Nobis illo omnis ex qui veritatis et sed.');
INSERT INTO `friendship_statuses` (`id`, `name`) VALUES (24, 'Non consequuntur magnam eligendi ut.');
INSERT INTO `friendship_statuses` (`id`, `name`) VALUES (80, 'Non error velit voluptatem maxime hic aut.');
INSERT INTO `friendship_statuses` (`id`, `name`) VALUES (34, 'Non pariatur et veniam nulla est aut at.');
INSERT INTO `friendship_statuses` (`id`, `name`) VALUES (13, 'Non qui consequatur voluptatem temporibus.');
INSERT INTO `friendship_statuses` (`id`, `name`) VALUES (38, 'Nostrum sapiente sit qui dolores.');
INSERT INTO `friendship_statuses` (`id`, `name`) VALUES (63, 'Nulla esse omnis tenetur autem ratione voluptas.');
INSERT INTO `friendship_statuses` (`id`, `name`) VALUES (21, 'Nulla magnam architecto recusandae cupiditate fugiat consectetur eum dolor.');
INSERT INTO `friendship_statuses` (`id`, `name`) VALUES (57, 'Odio consequuntur ut quas nihil.');
INSERT INTO `friendship_statuses` (`id`, `name`) VALUES (18, 'Optio accusantium et non magnam accusamus.');
INSERT INTO `friendship_statuses` (`id`, `name`) VALUES (14, 'Porro cumque id repellendus provident nostrum nihil.');
INSERT INTO `friendship_statuses` (`id`, `name`) VALUES (11, 'Provident veniam error sequi iste vel.');
INSERT INTO `friendship_statuses` (`id`, `name`) VALUES (45, 'Quam repudiandae harum dolorem praesentium rerum.');
INSERT INTO `friendship_statuses` (`id`, `name`) VALUES (94, 'Quasi occaecati delectus quis qui necessitatibus consequatur vero odio.');
INSERT INTO `friendship_statuses` (`id`, `name`) VALUES (95, 'Qui aut rem dolor dolorem et.');
INSERT INTO `friendship_statuses` (`id`, `name`) VALUES (12, 'Qui et quisquam natus dolores dicta possimus fugiat dolores.');
INSERT INTO `friendship_statuses` (`id`, `name`) VALUES (77, 'Qui et veritatis sed.');
INSERT INTO `friendship_statuses` (`id`, `name`) VALUES (73, 'Qui placeat officiis quisquam numquam quasi sit.');
INSERT INTO `friendship_statuses` (`id`, `name`) VALUES (99, 'Quia eos accusamus ducimus rerum nisi cum sunt.');
INSERT INTO `friendship_statuses` (`id`, `name`) VALUES (76, 'Quibusdam aspernatur harum enim ipsam dolores assumenda dignissimos.');
INSERT INTO `friendship_statuses` (`id`, `name`) VALUES (1, 'Quisquam omnis doloremque ea.');
INSERT INTO `friendship_statuses` (`id`, `name`) VALUES (9, 'Quisquam quidem ratione nihil aut eaque unde et.');
INSERT INTO `friendship_statuses` (`id`, `name`) VALUES (7, 'Quo sint mollitia excepturi velit iusto quis.');
INSERT INTO `friendship_statuses` (`id`, `name`) VALUES (31, 'Rem ab et fuga quam.');
INSERT INTO `friendship_statuses` (`id`, `name`) VALUES (68, 'Repudiandae facere dolores quasi soluta sapiente.');
INSERT INTO `friendship_statuses` (`id`, `name`) VALUES (59, 'Repudiandae non consectetur aut porro.');
INSERT INTO `friendship_statuses` (`id`, `name`) VALUES (65, 'Rerum aut ut ut.');
INSERT INTO `friendship_statuses` (`id`, `name`) VALUES (72, 'Rerum et dolor exercitationem corporis et voluptatum assumenda.');
INSERT INTO `friendship_statuses` (`id`, `name`) VALUES (39, 'Sed aspernatur vel incidunt voluptates et.');
INSERT INTO `friendship_statuses` (`id`, `name`) VALUES (69, 'Similique cum est enim temporibus eligendi cumque.');
INSERT INTO `friendship_statuses` (`id`, `name`) VALUES (26, 'Similique labore dicta odit dolor et aut dolor.');
INSERT INTO `friendship_statuses` (`id`, `name`) VALUES (35, 'Similique non omnis deleniti quam facilis qui.');
INSERT INTO `friendship_statuses` (`id`, `name`) VALUES (96, 'Sit est voluptatem doloremque soluta totam.');
INSERT INTO `friendship_statuses` (`id`, `name`) VALUES (30, 'Sit fugiat qui error quia.');
INSERT INTO `friendship_statuses` (`id`, `name`) VALUES (70, 'Sit sint officia et quo nam nostrum.');
INSERT INTO `friendship_statuses` (`id`, `name`) VALUES (61, 'Sunt tenetur sunt voluptatem et mollitia ut qui.');
INSERT INTO `friendship_statuses` (`id`, `name`) VALUES (44, 'Tempora rerum in possimus libero aut et.');
INSERT INTO `friendship_statuses` (`id`, `name`) VALUES (50, 'Tempore et nemo nisi qui.');
INSERT INTO `friendship_statuses` (`id`, `name`) VALUES (82, 'Unde rerum neque qui dolorem voluptas consequatur vitae.');
INSERT INTO `friendship_statuses` (`id`, `name`) VALUES (20, 'Ut et dolore aut enim.');
INSERT INTO `friendship_statuses` (`id`, `name`) VALUES (56, 'Ut qui aut iusto aut debitis error.');
INSERT INTO `friendship_statuses` (`id`, `name`) VALUES (47, 'Velit rerum non vel sit corporis odit.');
INSERT INTO `friendship_statuses` (`id`, `name`) VALUES (81, 'Vitae dolores enim quos et.');
INSERT INTO `friendship_statuses` (`id`, `name`) VALUES (60, 'Voluptas molestiae nulla velit quidem ut.');
INSERT INTO `friendship_statuses` (`id`, `name`) VALUES (4, 'Voluptate mollitia reprehenderit maxime quidem iusto accusamus.');
INSERT INTO `friendship_statuses` (`id`, `name`) VALUES (100, 'Voluptatem est debitis harum consequatur nesciunt excepturi et.');
INSERT INTO `friendship_statuses` (`id`, `name`) VALUES (43, 'Voluptatem voluptate laborum laudantium suscipit nihil nihil.');
INSERT INTO `friendship_statuses` (`id`, `name`) VALUES (93, 'Voluptatum doloribus soluta amet id ut sed.');


#
# TABLE STRUCTURE FOR: media
#

DROP TABLE IF EXISTS `media`;

CREATE TABLE `media` (
  `id` int(10) unsigned NOT NULL AUTO_INCREMENT,
  `user_id` int(10) unsigned NOT NULL,
  `filename` varchar(255) COLLATE utf8_unicode_ci NOT NULL,
  `size` int(11) NOT NULL,
  `metadata` longtext CHARACTER SET utf8mb4 COLLATE utf8mb4_bin DEFAULT NULL,
  `media_type_id` int(10) unsigned NOT NULL,
  `created_at` datetime DEFAULT current_timestamp(),
  `updated_at` datetime DEFAULT current_timestamp() ON UPDATE current_timestamp(),
  PRIMARY KEY (`id`)
) ENGINE=InnoDB AUTO_INCREMENT=101 DEFAULT CHARSET=utf8 COLLATE=utf8_unicode_ci;

INSERT INTO `media` (`id`, `user_id`, `filename`, `size`, `metadata`, `media_type_id`, `created_at`, `updated_at`) VALUES (1, 77, 'amet', 31185, 'msf', 80, '2018-09-01 09:49:29', '2010-11-14 09:14:47');
INSERT INTO `media` (`id`, `user_id`, `filename`, `size`, `metadata`, `media_type_id`, `created_at`, `updated_at`) VALUES (2, 42, 'fugiat', 1192, 'scm', 6, '2020-04-10 09:45:02', '2019-04-26 11:40:59');
INSERT INTO `media` (`id`, `user_id`, `filename`, `size`, `metadata`, `media_type_id`, `created_at`, `updated_at`) VALUES (3, 62, 'temporibus', 15228, 'see', 16, '2017-09-26 00:23:36', '2012-11-08 09:24:01');
INSERT INTO `media` (`id`, `user_id`, `filename`, `size`, `metadata`, `media_type_id`, `created_at`, `updated_at`) VALUES (4, 97, 'eius', 8108, 'kne', 29, '2013-06-05 15:00:19', '2017-01-12 23:41:36');
INSERT INTO `media` (`id`, `user_id`, `filename`, `size`, `metadata`, `media_type_id`, `created_at`, `updated_at`) VALUES (5, 76, 'nulla', 15832, 'wvx', 45, '2015-12-10 10:41:12', '2019-04-03 23:45:18');
INSERT INTO `media` (`id`, `user_id`, `filename`, `size`, `metadata`, `media_type_id`, `created_at`, `updated_at`) VALUES (6, 83, 'reiciendis', 9915, 'mpg', 33, '2013-08-01 09:05:18', '2011-04-25 21:42:49');
INSERT INTO `media` (`id`, `user_id`, `filename`, `size`, `metadata`, `media_type_id`, `created_at`, `updated_at`) VALUES (7, 9, 'suscipit', 10570, 'sm', 70, '2014-11-25 16:27:56', '2010-12-26 19:18:23');
INSERT INTO `media` (`id`, `user_id`, `filename`, `size`, `metadata`, `media_type_id`, `created_at`, `updated_at`) VALUES (8, 17, 'voluptatem', 19532, 'otc', 68, '2011-11-27 22:45:00', '2016-03-23 19:36:22');
INSERT INTO `media` (`id`, `user_id`, `filename`, `size`, `metadata`, `media_type_id`, `created_at`, `updated_at`) VALUES (9, 47, 'esse', 13997, 'latex', 99, '2013-10-28 09:33:40', '2016-03-08 03:36:06');
INSERT INTO `media` (`id`, `user_id`, `filename`, `size`, `metadata`, `media_type_id`, `created_at`, `updated_at`) VALUES (10, 16, 'voluptas', 32956, 'mag', 70, '2011-03-30 22:54:09', '2017-12-19 11:46:05');
INSERT INTO `media` (`id`, `user_id`, `filename`, `size`, `metadata`, `media_type_id`, `created_at`, `updated_at`) VALUES (11, 56, 'modi', 12303, 'ppm', 58, '2011-04-11 16:49:26', '2018-03-19 10:10:43');
INSERT INTO `media` (`id`, `user_id`, `filename`, `size`, `metadata`, `media_type_id`, `created_at`, `updated_at`) VALUES (12, 93, 'voluptas', 21014, 'xwd', 34, '2011-11-26 10:24:19', '2015-08-09 00:48:46');
INSERT INTO `media` (`id`, `user_id`, `filename`, `size`, `metadata`, `media_type_id`, `created_at`, `updated_at`) VALUES (13, 51, 'consequatur', 9655, 'vob', 46, '2019-10-26 05:08:46', '2015-12-24 13:47:23');
INSERT INTO `media` (`id`, `user_id`, `filename`, `size`, `metadata`, `media_type_id`, `created_at`, `updated_at`) VALUES (14, 27, 'eaque', 18973, 'dd2', 17, '2011-12-01 01:46:40', '2010-09-29 09:34:30');
INSERT INTO `media` (`id`, `user_id`, `filename`, `size`, `metadata`, `media_type_id`, `created_at`, `updated_at`) VALUES (15, 47, 'debitis', 36070, 'pot', 80, '2017-07-21 07:21:35', '2019-01-26 09:41:35');
INSERT INTO `media` (`id`, `user_id`, `filename`, `size`, `metadata`, `media_type_id`, `created_at`, `updated_at`) VALUES (16, 29, 'sint', 17602, 'jnlp', 23, '2017-05-27 18:18:13', '2012-02-02 18:42:42');
INSERT INTO `media` (`id`, `user_id`, `filename`, `size`, `metadata`, `media_type_id`, `created_at`, `updated_at`) VALUES (17, 59, 'est', 8654, 'obj', 71, '2017-02-12 07:27:06', '2013-09-22 08:00:51');
INSERT INTO `media` (`id`, `user_id`, `filename`, `size`, `metadata`, `media_type_id`, `created_at`, `updated_at`) VALUES (18, 28, 'eum', 16987, 'rlc', 20, '2011-03-12 23:28:09', '2014-10-23 03:58:32');
INSERT INTO `media` (`id`, `user_id`, `filename`, `size`, `metadata`, `media_type_id`, `created_at`, `updated_at`) VALUES (19, 86, 'unde', 6470, 'dfac', 25, '2016-12-20 11:39:11', '2017-10-23 00:15:35');
INSERT INTO `media` (`id`, `user_id`, `filename`, `size`, `metadata`, `media_type_id`, `created_at`, `updated_at`) VALUES (20, 49, 'non', 4877, 'mie', 62, '2016-01-11 00:02:31', '2015-06-16 14:59:38');
INSERT INTO `media` (`id`, `user_id`, `filename`, `size`, `metadata`, `media_type_id`, `created_at`, `updated_at`) VALUES (21, 69, 'repellendus', 7903, 'bat', 31, '2015-07-27 08:02:55', '2014-02-16 18:04:46');
INSERT INTO `media` (`id`, `user_id`, `filename`, `size`, `metadata`, `media_type_id`, `created_at`, `updated_at`) VALUES (22, 94, 'natus', 4416, 'rtf', 78, '2012-01-09 18:33:38', '2019-06-20 17:59:01');
INSERT INTO `media` (`id`, `user_id`, `filename`, `size`, `metadata`, `media_type_id`, `created_at`, `updated_at`) VALUES (23, 1, 'ut', 8417, 'pfm', 11, '2011-08-24 14:36:59', '2012-08-18 07:13:22');
INSERT INTO `media` (`id`, `user_id`, `filename`, `size`, `metadata`, `media_type_id`, `created_at`, `updated_at`) VALUES (24, 45, 'commodi', 18873, 'mp4a', 47, '2011-04-02 23:40:26', '2018-02-25 10:23:46');
INSERT INTO `media` (`id`, `user_id`, `filename`, `size`, `metadata`, `media_type_id`, `created_at`, `updated_at`) VALUES (25, 10, 'molestiae', 5039, 'adp', 60, '2018-11-25 22:42:43', '2015-01-22 06:57:03');
INSERT INTO `media` (`id`, `user_id`, `filename`, `size`, `metadata`, `media_type_id`, `created_at`, `updated_at`) VALUES (26, 16, 'placeat', 24571, 'fh5', 66, '2018-02-28 15:47:37', '2014-10-31 16:21:16');
INSERT INTO `media` (`id`, `user_id`, `filename`, `size`, `metadata`, `media_type_id`, `created_at`, `updated_at`) VALUES (27, 18, 'perferendis', 18567, 'appcache', 9, '2015-11-06 09:39:47', '2014-10-18 12:49:40');
INSERT INTO `media` (`id`, `user_id`, `filename`, `size`, `metadata`, `media_type_id`, `created_at`, `updated_at`) VALUES (28, 100, 'labore', 12840, 'tra', 69, '2017-03-24 20:52:38', '2011-12-17 02:05:17');
INSERT INTO `media` (`id`, `user_id`, `filename`, `size`, `metadata`, `media_type_id`, `created_at`, `updated_at`) VALUES (29, 54, 'sint', 15945, 'chm', 27, '2020-05-01 02:45:07', '2015-01-12 07:56:24');
INSERT INTO `media` (`id`, `user_id`, `filename`, `size`, `metadata`, `media_type_id`, `created_at`, `updated_at`) VALUES (30, 85, 'rem', 1227, 'cfs', 100, '2015-02-25 05:05:28', '2010-06-30 22:17:43');
INSERT INTO `media` (`id`, `user_id`, `filename`, `size`, `metadata`, `media_type_id`, `created_at`, `updated_at`) VALUES (31, 6, 'enim', 34207, 'ief', 14, '2011-03-15 16:50:04', '2017-06-03 20:37:25');
INSERT INTO `media` (`id`, `user_id`, `filename`, `size`, `metadata`, `media_type_id`, `created_at`, `updated_at`) VALUES (32, 23, 'mollitia', 14017, 'avi', 64, '2012-03-21 03:42:14', '2012-12-11 01:02:17');
INSERT INTO `media` (`id`, `user_id`, `filename`, `size`, `metadata`, `media_type_id`, `created_at`, `updated_at`) VALUES (33, 84, 'quas', 10625, 'ras', 51, '2016-12-10 01:50:14', '2016-11-04 05:29:36');
INSERT INTO `media` (`id`, `user_id`, `filename`, `size`, `metadata`, `media_type_id`, `created_at`, `updated_at`) VALUES (34, 84, 'consequatur', 19913, 'gtw', 69, '2018-07-20 17:21:25', '2017-08-24 11:33:12');
INSERT INTO `media` (`id`, `user_id`, `filename`, `size`, `metadata`, `media_type_id`, `created_at`, `updated_at`) VALUES (35, 75, 'omnis', 36629, 'nsc', 33, '2011-04-25 19:41:27', '2012-10-24 16:53:37');
INSERT INTO `media` (`id`, `user_id`, `filename`, `size`, `metadata`, `media_type_id`, `created_at`, `updated_at`) VALUES (36, 31, 'quo', 19170, 'ez2', 44, '2018-10-10 14:40:32', '2019-05-11 17:47:07');
INSERT INTO `media` (`id`, `user_id`, `filename`, `size`, `metadata`, `media_type_id`, `created_at`, `updated_at`) VALUES (37, 63, 'aut', 15431, 'mts', 25, '2018-09-13 07:33:29', '2013-07-24 22:15:00');
INSERT INTO `media` (`id`, `user_id`, `filename`, `size`, `metadata`, `media_type_id`, `created_at`, `updated_at`) VALUES (38, 21, 'nihil', 23472, 'cil', 64, '2010-12-01 16:00:04', '2010-07-22 03:07:53');
INSERT INTO `media` (`id`, `user_id`, `filename`, `size`, `metadata`, `media_type_id`, `created_at`, `updated_at`) VALUES (39, 36, 'explicabo', 2775, 'opml', 66, '2019-02-05 07:36:53', '2020-02-29 19:46:56');
INSERT INTO `media` (`id`, `user_id`, `filename`, `size`, `metadata`, `media_type_id`, `created_at`, `updated_at`) VALUES (40, 10, 'molestiae', 25239, 'twd', 45, '2014-03-15 15:03:00', '2010-07-31 13:25:54');
INSERT INTO `media` (`id`, `user_id`, `filename`, `size`, `metadata`, `media_type_id`, `created_at`, `updated_at`) VALUES (41, 26, 'voluptatum', 20645, 'wvx', 26, '2012-11-07 02:49:53', '2019-04-02 23:55:38');
INSERT INTO `media` (`id`, `user_id`, `filename`, `size`, `metadata`, `media_type_id`, `created_at`, `updated_at`) VALUES (42, 11, 'laboriosam', 37873, 'webm', 43, '2018-07-03 17:38:59', '2019-09-27 15:54:26');
INSERT INTO `media` (`id`, `user_id`, `filename`, `size`, `metadata`, `media_type_id`, `created_at`, `updated_at`) VALUES (43, 35, 'dolor', 9852, 'odm', 10, '2015-05-19 11:36:14', '2018-03-19 12:50:34');
INSERT INTO `media` (`id`, `user_id`, `filename`, `size`, `metadata`, `media_type_id`, `created_at`, `updated_at`) VALUES (44, 12, 'provident', 19347, 'p', 88, '2020-05-01 10:10:44', '2013-06-01 08:18:00');
INSERT INTO `media` (`id`, `user_id`, `filename`, `size`, `metadata`, `media_type_id`, `created_at`, `updated_at`) VALUES (45, 36, 'consequatur', 20734, 'ris', 97, '2019-03-14 07:41:13', '2014-11-29 23:13:10');
INSERT INTO `media` (`id`, `user_id`, `filename`, `size`, `metadata`, `media_type_id`, `created_at`, `updated_at`) VALUES (46, 88, 'et', 4333, 'pgp', 41, '2012-01-11 06:34:08', '2010-08-12 16:29:24');
INSERT INTO `media` (`id`, `user_id`, `filename`, `size`, `metadata`, `media_type_id`, `created_at`, `updated_at`) VALUES (47, 10, 'suscipit', 12742, 'vcs', 11, '2019-03-12 08:48:59', '2010-12-14 16:09:59');
INSERT INTO `media` (`id`, `user_id`, `filename`, `size`, `metadata`, `media_type_id`, `created_at`, `updated_at`) VALUES (48, 5, 'molestiae', 15391, 'gramps', 93, '2014-12-31 21:06:28', '2012-11-15 17:49:31');
INSERT INTO `media` (`id`, `user_id`, `filename`, `size`, `metadata`, `media_type_id`, `created_at`, `updated_at`) VALUES (49, 61, 'culpa', 21375, 'xo', 89, '2013-05-14 03:32:03', '2016-07-27 16:40:11');
INSERT INTO `media` (`id`, `user_id`, `filename`, `size`, `metadata`, `media_type_id`, `created_at`, `updated_at`) VALUES (50, 62, 'dolores', 31533, 't3', 35, '2018-08-16 17:29:44', '2013-09-30 08:37:13');
INSERT INTO `media` (`id`, `user_id`, `filename`, `size`, `metadata`, `media_type_id`, `created_at`, `updated_at`) VALUES (51, 21, 'necessitatibus', 17843, 'emf', 92, '2017-10-28 18:36:58', '2018-08-17 07:28:54');
INSERT INTO `media` (`id`, `user_id`, `filename`, `size`, `metadata`, `media_type_id`, `created_at`, `updated_at`) VALUES (52, 79, 'odio', 28146, 'rdf', 84, '2010-10-06 16:48:23', '2019-11-20 15:04:25');
INSERT INTO `media` (`id`, `user_id`, `filename`, `size`, `metadata`, `media_type_id`, `created_at`, `updated_at`) VALUES (53, 17, 'nesciunt', 36527, 'json', 99, '2014-03-14 16:37:06', '2014-04-24 03:35:03');
INSERT INTO `media` (`id`, `user_id`, `filename`, `size`, `metadata`, `media_type_id`, `created_at`, `updated_at`) VALUES (54, 47, 'cupiditate', 10530, 'hlp', 52, '2018-05-06 16:31:34', '2014-12-26 09:22:25');
INSERT INTO `media` (`id`, `user_id`, `filename`, `size`, `metadata`, `media_type_id`, `created_at`, `updated_at`) VALUES (55, 64, 'adipisci', 25372, 'uvvu', 56, '2017-07-13 15:11:41', '2017-05-31 08:23:55');
INSERT INTO `media` (`id`, `user_id`, `filename`, `size`, `metadata`, `media_type_id`, `created_at`, `updated_at`) VALUES (56, 96, 'iste', 10351, 'rar', 89, '2011-10-16 04:36:31', '2011-10-24 18:15:22');
INSERT INTO `media` (`id`, `user_id`, `filename`, `size`, `metadata`, `media_type_id`, `created_at`, `updated_at`) VALUES (57, 82, 'impedit', 8198, 'fpx', 6, '2016-02-20 10:15:28', '2011-04-12 15:03:04');
INSERT INTO `media` (`id`, `user_id`, `filename`, `size`, `metadata`, `media_type_id`, `created_at`, `updated_at`) VALUES (58, 32, 'dicta', 28622, 'vcx', 16, '2014-10-04 02:47:35', '2016-09-15 14:58:23');
INSERT INTO `media` (`id`, `user_id`, `filename`, `size`, `metadata`, `media_type_id`, `created_at`, `updated_at`) VALUES (59, 16, 'rem', 2589, 'flx', 43, '2012-03-02 18:55:35', '2018-07-05 01:35:23');
INSERT INTO `media` (`id`, `user_id`, `filename`, `size`, `metadata`, `media_type_id`, `created_at`, `updated_at`) VALUES (60, 4, 'ea', 10423, 'ufdl', 51, '2010-10-23 02:17:52', '2014-12-30 19:57:14');
INSERT INTO `media` (`id`, `user_id`, `filename`, `size`, `metadata`, `media_type_id`, `created_at`, `updated_at`) VALUES (61, 40, 'consequuntur', 32922, 'xlsm', 91, '2016-02-11 03:06:17', '2014-12-01 11:15:39');
INSERT INTO `media` (`id`, `user_id`, `filename`, `size`, `metadata`, `media_type_id`, `created_at`, `updated_at`) VALUES (62, 92, 'tempore', 11419, 'torrent', 49, '2014-12-02 01:58:19', '2019-12-15 11:08:05');
INSERT INTO `media` (`id`, `user_id`, `filename`, `size`, `metadata`, `media_type_id`, `created_at`, `updated_at`) VALUES (63, 2, 'cum', 4477, 'sema', 97, '2014-07-30 08:03:31', '2015-06-25 08:46:03');
INSERT INTO `media` (`id`, `user_id`, `filename`, `size`, `metadata`, `media_type_id`, `created_at`, `updated_at`) VALUES (64, 42, 'asperiores', 30843, 'svc', 62, '2014-09-16 08:31:06', '2020-03-13 09:45:10');
INSERT INTO `media` (`id`, `user_id`, `filename`, `size`, `metadata`, `media_type_id`, `created_at`, `updated_at`) VALUES (65, 85, 'quod', 4943, 'qam', 3, '2013-03-02 02:08:43', '2011-10-17 20:53:51');
INSERT INTO `media` (`id`, `user_id`, `filename`, `size`, `metadata`, `media_type_id`, `created_at`, `updated_at`) VALUES (66, 97, 'et', 34025, 'xdf', 5, '2017-07-10 06:50:48', '2014-04-19 05:54:17');
INSERT INTO `media` (`id`, `user_id`, `filename`, `size`, `metadata`, `media_type_id`, `created_at`, `updated_at`) VALUES (67, 95, 'id', 3498, 'vst', 75, '2017-10-12 00:03:54', '2012-02-12 18:03:06');
INSERT INTO `media` (`id`, `user_id`, `filename`, `size`, `metadata`, `media_type_id`, `created_at`, `updated_at`) VALUES (68, 88, 'voluptatem', 11415, 'mag', 11, '2019-01-15 18:13:23', '2014-07-07 03:09:19');
INSERT INTO `media` (`id`, `user_id`, `filename`, `size`, `metadata`, `media_type_id`, `created_at`, `updated_at`) VALUES (69, 73, 'qui', 3125, 'xltx', 34, '2015-06-05 06:59:53', '2013-08-14 16:03:04');
INSERT INTO `media` (`id`, `user_id`, `filename`, `size`, `metadata`, `media_type_id`, `created_at`, `updated_at`) VALUES (70, 62, 'velit', 27132, 'src', 37, '2012-06-15 06:17:18', '2016-05-16 11:43:36');
INSERT INTO `media` (`id`, `user_id`, `filename`, `size`, `metadata`, `media_type_id`, `created_at`, `updated_at`) VALUES (71, 90, 'voluptatibus', 33790, 'icc', 58, '2017-01-07 13:44:34', '2019-01-13 09:12:39');
INSERT INTO `media` (`id`, `user_id`, `filename`, `size`, `metadata`, `media_type_id`, `created_at`, `updated_at`) VALUES (72, 26, 'rerum', 8217, 'fdf', 71, '2012-08-21 05:12:44', '2019-12-24 10:08:31');
INSERT INTO `media` (`id`, `user_id`, `filename`, `size`, `metadata`, `media_type_id`, `created_at`, `updated_at`) VALUES (73, 64, 'eaque', 27177, 'mar', 57, '2018-04-08 16:32:13', '2011-07-31 08:11:00');
INSERT INTO `media` (`id`, `user_id`, `filename`, `size`, `metadata`, `media_type_id`, `created_at`, `updated_at`) VALUES (74, 87, 'non', 11664, 'm4u', 79, '2012-08-02 14:21:09', '2019-12-31 07:32:59');
INSERT INTO `media` (`id`, `user_id`, `filename`, `size`, `metadata`, `media_type_id`, `created_at`, `updated_at`) VALUES (75, 100, 'assumenda', 6779, 'uvvu', 90, '2020-03-11 00:46:56', '2016-02-14 09:32:18');
INSERT INTO `media` (`id`, `user_id`, `filename`, `size`, `metadata`, `media_type_id`, `created_at`, `updated_at`) VALUES (76, 30, 'et', 24984, 'docm', 40, '2015-01-19 11:54:20', '2018-04-03 14:28:56');
INSERT INTO `media` (`id`, `user_id`, `filename`, `size`, `metadata`, `media_type_id`, `created_at`, `updated_at`) VALUES (77, 81, 'quia', 34079, 'tiff', 22, '2017-01-30 12:13:04', '2016-04-25 08:36:22');
INSERT INTO `media` (`id`, `user_id`, `filename`, `size`, `metadata`, `media_type_id`, `created_at`, `updated_at`) VALUES (78, 88, 'ut', 11219, 'fig', 82, '2016-08-31 21:56:30', '2012-10-27 11:33:36');
INSERT INTO `media` (`id`, `user_id`, `filename`, `size`, `metadata`, `media_type_id`, `created_at`, `updated_at`) VALUES (79, 18, 'doloremque', 35355, 'jpgm', 29, '2017-04-14 05:43:15', '2014-04-03 05:11:13');
INSERT INTO `media` (`id`, `user_id`, `filename`, `size`, `metadata`, `media_type_id`, `created_at`, `updated_at`) VALUES (80, 43, 'voluptas', 37908, 'pgp', 2, '2019-06-10 10:47:04', '2018-08-25 00:38:25');
INSERT INTO `media` (`id`, `user_id`, `filename`, `size`, `metadata`, `media_type_id`, `created_at`, `updated_at`) VALUES (81, 32, 'sequi', 12947, 'cryptonote', 39, '2015-08-23 01:24:09', '2019-12-01 13:25:54');
INSERT INTO `media` (`id`, `user_id`, `filename`, `size`, `metadata`, `media_type_id`, `created_at`, `updated_at`) VALUES (82, 7, 'id', 29011, 'wmlc', 26, '2015-02-06 07:40:42', '2018-10-31 16:34:40');
INSERT INTO `media` (`id`, `user_id`, `filename`, `size`, `metadata`, `media_type_id`, `created_at`, `updated_at`) VALUES (83, 13, 'suscipit', 35724, 'xaml', 95, '2012-10-31 06:39:12', '2017-07-01 04:44:46');
INSERT INTO `media` (`id`, `user_id`, `filename`, `size`, `metadata`, `media_type_id`, `created_at`, `updated_at`) VALUES (84, 37, 'aspernatur', 28469, 'ksp', 86, '2019-06-09 08:36:36', '2015-07-18 17:30:00');
INSERT INTO `media` (`id`, `user_id`, `filename`, `size`, `metadata`, `media_type_id`, `created_at`, `updated_at`) VALUES (85, 29, 'eos', 9002, 'lzh', 98, '2011-04-04 19:14:55', '2015-11-07 11:54:49');
INSERT INTO `media` (`id`, `user_id`, `filename`, `size`, `metadata`, `media_type_id`, `created_at`, `updated_at`) VALUES (86, 23, 'dolor', 11713, 'etx', 19, '2013-02-11 07:24:26', '2019-12-10 09:38:25');
INSERT INTO `media` (`id`, `user_id`, `filename`, `size`, `metadata`, `media_type_id`, `created_at`, `updated_at`) VALUES (87, 56, 'sit', 9135, 'uvu', 48, '2014-06-14 02:53:46', '2014-05-10 17:58:14');
INSERT INTO `media` (`id`, `user_id`, `filename`, `size`, `metadata`, `media_type_id`, `created_at`, `updated_at`) VALUES (88, 90, 'minima', 36215, 'ahead', 19, '2015-08-21 13:20:06', '2011-07-22 14:03:16');
INSERT INTO `media` (`id`, `user_id`, `filename`, `size`, `metadata`, `media_type_id`, `created_at`, `updated_at`) VALUES (89, 5, 'modi', 13642, 'pfm', 76, '2015-07-28 21:02:16', '2017-10-05 05:47:37');
INSERT INTO `media` (`id`, `user_id`, `filename`, `size`, `metadata`, `media_type_id`, `created_at`, `updated_at`) VALUES (90, 98, 'repudiandae', 24592, 'scurl', 5, '2013-03-29 01:01:43', '2016-04-02 14:27:24');
INSERT INTO `media` (`id`, `user_id`, `filename`, `size`, `metadata`, `media_type_id`, `created_at`, `updated_at`) VALUES (91, 65, 'occaecati', 33467, 'chrt', 27, '2012-10-29 21:10:34', '2018-01-05 08:59:28');
INSERT INTO `media` (`id`, `user_id`, `filename`, `size`, `metadata`, `media_type_id`, `created_at`, `updated_at`) VALUES (92, 44, 'et', 34269, 'uvu', 46, '2014-01-27 12:53:55', '2010-07-26 20:38:37');
INSERT INTO `media` (`id`, `user_id`, `filename`, `size`, `metadata`, `media_type_id`, `created_at`, `updated_at`) VALUES (93, 49, 'temporibus', 21653, 'pct', 31, '2015-12-04 02:57:15', '2020-02-26 18:45:55');
INSERT INTO `media` (`id`, `user_id`, `filename`, `size`, `metadata`, `media_type_id`, `created_at`, `updated_at`) VALUES (94, 27, 'ducimus', 5717, 'xdp', 66, '2013-08-09 23:54:10', '2014-11-13 12:09:10');
INSERT INTO `media` (`id`, `user_id`, `filename`, `size`, `metadata`, `media_type_id`, `created_at`, `updated_at`) VALUES (95, 60, 'explicabo', 9612, 'semf', 70, '2011-11-17 03:31:17', '2017-05-27 16:21:11');
INSERT INTO `media` (`id`, `user_id`, `filename`, `size`, `metadata`, `media_type_id`, `created_at`, `updated_at`) VALUES (96, 68, 'ipsam', 32660, 'xm', 91, '2016-07-17 18:40:19', '2015-03-21 14:14:55');
INSERT INTO `media` (`id`, `user_id`, `filename`, `size`, `metadata`, `media_type_id`, `created_at`, `updated_at`) VALUES (97, 8, 'illo', 15769, 'ez2', 74, '2014-12-05 09:22:25', '2020-01-10 14:21:40');
INSERT INTO `media` (`id`, `user_id`, `filename`, `size`, `metadata`, `media_type_id`, `created_at`, `updated_at`) VALUES (98, 17, 'mollitia', 1278, 'wml', 21, '2018-07-01 01:00:50', '2018-09-22 04:40:02');
INSERT INTO `media` (`id`, `user_id`, `filename`, `size`, `metadata`, `media_type_id`, `created_at`, `updated_at`) VALUES (99, 69, 'perferendis', 23522, 'mxu', 53, '2016-03-22 07:45:17', '2010-07-21 16:55:03');
INSERT INTO `media` (`id`, `user_id`, `filename`, `size`, `metadata`, `media_type_id`, `created_at`, `updated_at`) VALUES (100, 7, 'est', 37808, 'odi', 97, '2014-05-21 11:11:37', '2011-10-15 08:06:42');


#
# TABLE STRUCTURE FOR: media_types
#

DROP TABLE IF EXISTS `media_types`;

CREATE TABLE `media_types` (
  `id` int(10) unsigned NOT NULL AUTO_INCREMENT,
  `name` varchar(255) COLLATE utf8_unicode_ci NOT NULL,
  PRIMARY KEY (`id`),
  UNIQUE KEY `name` (`name`)
) ENGINE=InnoDB AUTO_INCREMENT=101 DEFAULT CHARSET=utf8 COLLATE=utf8_unicode_ci;

INSERT INTO `media_types` (`id`, `name`) VALUES (23, 'Ab aliquid magni eveniet.');
INSERT INTO `media_types` (`id`, `name`) VALUES (88, 'Accusantium doloribus aliquid repudiandae et sit unde numquam.');
INSERT INTO `media_types` (`id`, `name`) VALUES (3, 'Aliquam rerum impedit corrupti.');
INSERT INTO `media_types` (`id`, `name`) VALUES (47, 'Animi atque labore molestiae aperiam itaque eum ut.');
INSERT INTO `media_types` (`id`, `name`) VALUES (39, 'Animi facilis nisi molestiae quas consequatur fugiat doloremque.');
INSERT INTO `media_types` (`id`, `name`) VALUES (80, 'Animi modi quas qui odit.');
INSERT INTO `media_types` (`id`, `name`) VALUES (38, 'Aperiam aspernatur eveniet nihil impedit et voluptatibus ut.');
INSERT INTO `media_types` (`id`, `name`) VALUES (18, 'Asperiores dolorum deleniti id tempore ut.');
INSERT INTO `media_types` (`id`, `name`) VALUES (12, 'Aut cum debitis iure dicta quia asperiores.');
INSERT INTO `media_types` (`id`, `name`) VALUES (92, 'Autem dolore possimus rerum.');
INSERT INTO `media_types` (`id`, `name`) VALUES (52, 'Commodi ex dolore velit vero totam.');
INSERT INTO `media_types` (`id`, `name`) VALUES (25, 'Consequatur incidunt dolores voluptatum sed amet.');
INSERT INTO `media_types` (`id`, `name`) VALUES (59, 'Consequatur quaerat consequatur qui et.');
INSERT INTO `media_types` (`id`, `name`) VALUES (62, 'Consequatur quia omnis fugit nihil enim dolores nulla.');
INSERT INTO `media_types` (`id`, `name`) VALUES (73, 'Corporis illo laborum fugit blanditiis et eveniet.');
INSERT INTO `media_types` (`id`, `name`) VALUES (99, 'Corporis sit optio maxime molestiae itaque voluptates.');
INSERT INTO `media_types` (`id`, `name`) VALUES (85, 'Delectus officia aut nihil nesciunt.');
INSERT INTO `media_types` (`id`, `name`) VALUES (58, 'Deserunt nostrum temporibus fugit commodi.');
INSERT INTO `media_types` (`id`, `name`) VALUES (71, 'Dicta harum qui alias voluptatem aut quaerat.');
INSERT INTO `media_types` (`id`, `name`) VALUES (46, 'Distinctio expedita omnis odio voluptas quod.');
INSERT INTO `media_types` (`id`, `name`) VALUES (26, 'Dolore corporis distinctio illo culpa.');
INSERT INTO `media_types` (`id`, `name`) VALUES (44, 'Dolore impedit culpa qui iusto.');
INSERT INTO `media_types` (`id`, `name`) VALUES (36, 'Dolore in quasi sint quia.');
INSERT INTO `media_types` (`id`, `name`) VALUES (74, 'Doloremque repellat vitae et nostrum magni laborum ut.');
INSERT INTO `media_types` (`id`, `name`) VALUES (13, 'Doloribus earum quibusdam quam ut explicabo et dolores.');
INSERT INTO `media_types` (`id`, `name`) VALUES (100, 'Ducimus dolorem optio et et aut.');
INSERT INTO `media_types` (`id`, `name`) VALUES (28, 'Ea numquam quas molestias ut delectus hic et dolor.');
INSERT INTO `media_types` (`id`, `name`) VALUES (56, 'Earum optio laudantium hic dignissimos quis est eos.');
INSERT INTO `media_types` (`id`, `name`) VALUES (65, 'Eos ab at ab tenetur sequi voluptatem.');
INSERT INTO `media_types` (`id`, `name`) VALUES (61, 'Eos error non non rerum voluptas.');
INSERT INTO `media_types` (`id`, `name`) VALUES (83, 'Est adipisci sapiente commodi aut velit.');
INSERT INTO `media_types` (`id`, `name`) VALUES (42, 'Et et voluptatem perferendis commodi quia nemo officia.');
INSERT INTO `media_types` (`id`, `name`) VALUES (49, 'Et excepturi et labore quod est.');
INSERT INTO `media_types` (`id`, `name`) VALUES (84, 'Et non dolorem nam voluptas aspernatur.');
INSERT INTO `media_types` (`id`, `name`) VALUES (33, 'Et non non voluptas quos reiciendis cumque.');
INSERT INTO `media_types` (`id`, `name`) VALUES (15, 'Eum quae deserunt est et et.');
INSERT INTO `media_types` (`id`, `name`) VALUES (5, 'Eveniet ipsam dolor voluptatibus ducimus mollitia.');
INSERT INTO `media_types` (`id`, `name`) VALUES (6, 'Ex aut veniam minus.');
INSERT INTO `media_types` (`id`, `name`) VALUES (97, 'Expedita occaecati non iure velit iure aperiam.');
INSERT INTO `media_types` (`id`, `name`) VALUES (4, 'Id aut doloremque hic aut.');
INSERT INTO `media_types` (`id`, `name`) VALUES (10, 'Impedit placeat quos animi consequatur commodi aliquid fugiat.');
INSERT INTO `media_types` (`id`, `name`) VALUES (66, 'Impedit qui rerum nobis distinctio et a voluptate in.');
INSERT INTO `media_types` (`id`, `name`) VALUES (57, 'Ipsa libero id quo hic.');
INSERT INTO `media_types` (`id`, `name`) VALUES (68, 'Iste iusto tenetur ad ratione nam.');
INSERT INTO `media_types` (`id`, `name`) VALUES (32, 'Itaque consectetur voluptas suscipit sed.');
INSERT INTO `media_types` (`id`, `name`) VALUES (21, 'Iusto eius in autem eos sed.');
INSERT INTO `media_types` (`id`, `name`) VALUES (53, 'Laborum asperiores excepturi sed dignissimos modi.');
INSERT INTO `media_types` (`id`, `name`) VALUES (17, 'Laudantium fugit reiciendis corrupti earum molestiae culpa.');
INSERT INTO `media_types` (`id`, `name`) VALUES (72, 'Maxime hic ut voluptatibus nulla sint quasi.');
INSERT INTO `media_types` (`id`, `name`) VALUES (87, 'Minima tenetur hic voluptas ut ut.');
INSERT INTO `media_types` (`id`, `name`) VALUES (76, 'Minus ratione provident nemo minima aut qui natus asperiores.');
INSERT INTO `media_types` (`id`, `name`) VALUES (64, 'Modi tempore eum omnis sapiente.');
INSERT INTO `media_types` (`id`, `name`) VALUES (95, 'Molestiae porro quaerat molestiae voluptas natus et id.');
INSERT INTO `media_types` (`id`, `name`) VALUES (81, 'Molestias et quae nisi officiis et.');
INSERT INTO `media_types` (`id`, `name`) VALUES (70, 'Nam et et quis rerum.');
INSERT INTO `media_types` (`id`, `name`) VALUES (82, 'Nam unde explicabo ducimus.');
INSERT INTO `media_types` (`id`, `name`) VALUES (11, 'Nesciunt ut dolores odit perspiciatis ipsa.');
INSERT INTO `media_types` (`id`, `name`) VALUES (50, 'Nisi illum fuga consequatur quae cum eius.');
INSERT INTO `media_types` (`id`, `name`) VALUES (31, 'Non ea fugit aut ea voluptas error voluptas.');
INSERT INTO `media_types` (`id`, `name`) VALUES (75, 'Non et voluptatum quia tempore incidunt nobis consequuntur qui.');
INSERT INTO `media_types` (`id`, `name`) VALUES (86, 'Non ex iure ab velit eos.');
INSERT INTO `media_types` (`id`, `name`) VALUES (34, 'Nostrum nihil recusandae nulla qui.');
INSERT INTO `media_types` (`id`, `name`) VALUES (89, 'Nostrum rerum nulla optio accusantium eum aut laboriosam.');
INSERT INTO `media_types` (`id`, `name`) VALUES (9, 'Odio beatae natus qui quas quisquam atque enim quos.');
INSERT INTO `media_types` (`id`, `name`) VALUES (91, 'Odit tempora sequi porro provident quis veniam et.');
INSERT INTO `media_types` (`id`, `name`) VALUES (8, 'Omnis eius dolor in ab molestias numquam atque adipisci.');
INSERT INTO `media_types` (`id`, `name`) VALUES (67, 'Optio amet vitae necessitatibus qui.');
INSERT INTO `media_types` (`id`, `name`) VALUES (43, 'Optio similique exercitationem quasi et recusandae accusantium.');
INSERT INTO `media_types` (`id`, `name`) VALUES (54, 'Pariatur autem provident suscipit omnis in.');
INSERT INTO `media_types` (`id`, `name`) VALUES (30, 'Qui ipsa architecto laborum ut temporibus iure consequatur.');
INSERT INTO `media_types` (`id`, `name`) VALUES (14, 'Qui praesentium est aut quis voluptas.');
INSERT INTO `media_types` (`id`, `name`) VALUES (79, 'Qui rem aut explicabo vel et assumenda architecto.');
INSERT INTO `media_types` (`id`, `name`) VALUES (94, 'Quia consequuntur esse rem dolor quia.');
INSERT INTO `media_types` (`id`, `name`) VALUES (37, 'Quia dolorem animi voluptates maiores deleniti.');
INSERT INTO `media_types` (`id`, `name`) VALUES (90, 'Quibusdam voluptate voluptas temporibus.');
INSERT INTO `media_types` (`id`, `name`) VALUES (29, 'Quisquam voluptatem omnis commodi consequatur ut nulla.');
INSERT INTO `media_types` (`id`, `name`) VALUES (40, 'Quo laudantium et minus velit temporibus.');
INSERT INTO `media_types` (`id`, `name`) VALUES (77, 'Quod est et quae animi qui.');
INSERT INTO `media_types` (`id`, `name`) VALUES (35, 'Quod et eos odio iste accusamus maxime suscipit.');
INSERT INTO `media_types` (`id`, `name`) VALUES (45, 'Quos sapiente reiciendis doloribus repudiandae harum consequatur aspernatur occaecati.');
INSERT INTO `media_types` (`id`, `name`) VALUES (93, 'Recusandae culpa nesciunt quis excepturi voluptatem fugit.');
INSERT INTO `media_types` (`id`, `name`) VALUES (24, 'Repudiandae asperiores eius eligendi occaecati dicta molestiae.');
INSERT INTO `media_types` (`id`, `name`) VALUES (48, 'Rerum voluptas a commodi laudantium rerum.');
INSERT INTO `media_types` (`id`, `name`) VALUES (78, 'Sint sed nostrum adipisci tempora quasi.');
INSERT INTO `media_types` (`id`, `name`) VALUES (98, 'Sit voluptate quia neque.');
INSERT INTO `media_types` (`id`, `name`) VALUES (20, 'Totam et id et aliquam nisi fugiat.');
INSERT INTO `media_types` (`id`, `name`) VALUES (19, 'Totam rem earum sed atque esse quo.');
INSERT INTO `media_types` (`id`, `name`) VALUES (1, 'Ullam aspernatur qui distinctio sed.');
INSERT INTO `media_types` (`id`, `name`) VALUES (96, 'Ullam inventore vitae perspiciatis eaque illum ut.');
INSERT INTO `media_types` (`id`, `name`) VALUES (51, 'Ullam reprehenderit illum quidem a.');
INSERT INTO `media_types` (`id`, `name`) VALUES (2, 'Unde iusto alias nihil ullam quia nihil ducimus et.');
INSERT INTO `media_types` (`id`, `name`) VALUES (22, 'Ut nesciunt et nesciunt modi aliquam consectetur.');
INSERT INTO `media_types` (`id`, `name`) VALUES (7, 'Ut velit perferendis illum distinctio eos eos accusantium.');
INSERT INTO `media_types` (`id`, `name`) VALUES (16, 'Vel beatae necessitatibus velit pariatur laborum at.');
INSERT INTO `media_types` (`id`, `name`) VALUES (63, 'Vel facere suscipit autem non quia.');
INSERT INTO `media_types` (`id`, `name`) VALUES (69, 'Vel maxime praesentium laborum omnis beatae ullam aliquam.');
INSERT INTO `media_types` (`id`, `name`) VALUES (55, 'Velit vero ut voluptas.');
INSERT INTO `media_types` (`id`, `name`) VALUES (60, 'Voluptas quia nesciunt facere eaque quia corrupti non et.');
INSERT INTO `media_types` (`id`, `name`) VALUES (41, 'Voluptate illum unde tempora ad magnam corporis soluta ipsam.');
INSERT INTO `media_types` (`id`, `name`) VALUES (27, 'Voluptates blanditiis adipisci dignissimos.');


#
# TABLE STRUCTURE FOR: messages
#

DROP TABLE IF EXISTS `messages`;

CREATE TABLE `messages` (
  `id` int(10) unsigned NOT NULL AUTO_INCREMENT,
  `from_user_id` int(10) unsigned NOT NULL,
  `to_user_id` int(10) unsigned NOT NULL,
  `body` text COLLATE utf8_unicode_ci NOT NULL,
  `is_important` tinyint(1) DEFAULT NULL,
  `is_delivered` tinyint(1) DEFAULT NULL,
  `created_at` datetime DEFAULT current_timestamp(),
  PRIMARY KEY (`id`)
) ENGINE=InnoDB AUTO_INCREMENT=101 DEFAULT CHARSET=utf8 COLLATE=utf8_unicode_ci;

INSERT INTO `messages` (`id`, `from_user_id`, `to_user_id`, `body`, `is_important`, `is_delivered`, `created_at`) VALUES (1, 95, 17, 'At ea aut impedit laborum sunt reiciendis. Rerum reprehenderit ut cum recusandae neque. Perspiciatis et adipisci repudiandae sit. Omnis quos amet corrupti nemo aut laboriosam.', 1, 1, '2016-12-30 01:31:59');
INSERT INTO `messages` (`id`, `from_user_id`, `to_user_id`, `body`, `is_important`, `is_delivered`, `created_at`) VALUES (2, 57, 28, 'Qui non atque quo odit cupiditate ut aut. Animi distinctio qui aut impedit nostrum quia. Aliquid iste quibusdam facere inventore et magnam. Error et sit quisquam voluptatem et consequatur.', 1, 1, '2014-09-09 11:10:36');
INSERT INTO `messages` (`id`, `from_user_id`, `to_user_id`, `body`, `is_important`, `is_delivered`, `created_at`) VALUES (3, 22, 68, 'Quis beatae inventore ipsum illum earum omnis rerum. Quibusdam itaque quo quas ipsum voluptate magnam. Saepe repellat sed et id dolor. Odio facilis suscipit aliquam est nostrum dolor.', 1, 1, '2015-12-05 08:46:34');
INSERT INTO `messages` (`id`, `from_user_id`, `to_user_id`, `body`, `is_important`, `is_delivered`, `created_at`) VALUES (4, 52, 22, 'Corrupti cumque qui sint est ut. Libero harum quibusdam doloremque et minus dignissimos.', 0, 1, '2016-09-04 10:00:42');
INSERT INTO `messages` (`id`, `from_user_id`, `to_user_id`, `body`, `is_important`, `is_delivered`, `created_at`) VALUES (5, 5, 71, 'Nulla commodi non aliquid quis. Rerum quis recusandae minima voluptate voluptatibus. Aperiam in nulla voluptas id. Accusantium quas cum sint et voluptas pariatur quis. Hic non dolorem cupiditate labore mollitia et eveniet.', 1, 1, '2013-09-19 12:06:48');
INSERT INTO `messages` (`id`, `from_user_id`, `to_user_id`, `body`, `is_important`, `is_delivered`, `created_at`) VALUES (6, 99, 5, 'Illum nihil neque aliquam labore. Asperiores aliquam ex autem illum eos non enim. Aut tempore officiis sed natus voluptatem pariatur.', 1, 1, '2012-04-20 07:25:10');
INSERT INTO `messages` (`id`, `from_user_id`, `to_user_id`, `body`, `is_important`, `is_delivered`, `created_at`) VALUES (7, 62, 44, 'Qui ratione commodi in ut voluptatem consequatur aspernatur. Consequatur quia aspernatur qui harum nostrum beatae unde. Recusandae ut qui ut neque id quo. Aspernatur soluta assumenda sed excepturi aperiam molestiae fugiat.', 0, 1, '2018-07-03 05:02:15');
INSERT INTO `messages` (`id`, `from_user_id`, `to_user_id`, `body`, `is_important`, `is_delivered`, `created_at`) VALUES (8, 46, 64, 'Atque sequi voluptas quibusdam dolores dolorem commodi et. Aliquam reprehenderit et et assumenda debitis nam natus. Autem rerum totam quaerat omnis quod voluptatem. Aspernatur deleniti quod ad iusto ratione aperiam.', 0, 0, '2012-10-03 07:48:31');
INSERT INTO `messages` (`id`, `from_user_id`, `to_user_id`, `body`, `is_important`, `is_delivered`, `created_at`) VALUES (9, 7, 92, 'Sed est vel quis doloribus velit alias minima voluptas. Ipsam soluta ad sed cumque perspiciatis. Placeat animi sit et inventore. Exercitationem omnis quis iste quis.', 0, 0, '2013-09-20 04:06:46');
INSERT INTO `messages` (`id`, `from_user_id`, `to_user_id`, `body`, `is_important`, `is_delivered`, `created_at`) VALUES (10, 62, 18, 'Cum aut debitis repellendus similique sit. Tempora earum magnam dolores hic. Fugit hic iste distinctio eius quo quaerat dolorem autem.', 0, 0, '2016-09-16 07:10:30');
INSERT INTO `messages` (`id`, `from_user_id`, `to_user_id`, `body`, `is_important`, `is_delivered`, `created_at`) VALUES (11, 54, 21, 'Aliquam voluptates sed iste nihil quia ut deserunt. Ab ipsum amet totam tenetur iste omnis modi enim. Laboriosam inventore repellat fuga.', 0, 0, '2014-05-14 16:26:33');
INSERT INTO `messages` (`id`, `from_user_id`, `to_user_id`, `body`, `is_important`, `is_delivered`, `created_at`) VALUES (12, 73, 1, 'Iusto nostrum quidem quia quis quo. Voluptas amet accusantium maxime et. Vel ullam vel odit aut ipsam.', 1, 1, '2018-05-18 10:05:38');
INSERT INTO `messages` (`id`, `from_user_id`, `to_user_id`, `body`, `is_important`, `is_delivered`, `created_at`) VALUES (13, 17, 2, 'Blanditiis quibusdam non dolorem amet eveniet nobis. Inventore placeat error non et. Mollitia est amet quis maxime et temporibus totam doloremque. Libero nemo aut quo hic delectus totam eveniet numquam.', 1, 1, '2015-12-17 10:23:22');
INSERT INTO `messages` (`id`, `from_user_id`, `to_user_id`, `body`, `is_important`, `is_delivered`, `created_at`) VALUES (14, 1, 89, 'Molestias iusto et esse ea. Inventore impedit voluptatem rerum cumque vero. Molestias saepe aut facere consequuntur totam rerum.', 0, 0, '2019-05-07 12:45:00');
INSERT INTO `messages` (`id`, `from_user_id`, `to_user_id`, `body`, `is_important`, `is_delivered`, `created_at`) VALUES (15, 20, 39, 'In et voluptatem facere. Laborum sapiente voluptates error optio et perferendis voluptatem. Blanditiis soluta ut aut.', 0, 1, '2020-03-10 12:20:50');
INSERT INTO `messages` (`id`, `from_user_id`, `to_user_id`, `body`, `is_important`, `is_delivered`, `created_at`) VALUES (16, 57, 14, 'Qui aut aut repellendus atque asperiores vitae nisi. Quia nulla animi quas. Quo sunt ut modi id doloremque facilis. Nostrum nostrum temporibus laboriosam incidunt.', 1, 1, '2010-06-21 00:27:50');
INSERT INTO `messages` (`id`, `from_user_id`, `to_user_id`, `body`, `is_important`, `is_delivered`, `created_at`) VALUES (17, 56, 14, 'Molestias eaque accusantium nisi animi nobis eos id. Ipsa quia pariatur est voluptates sit velit. Dolor ullam qui tenetur et aut.', 0, 0, '2011-10-08 14:46:13');
INSERT INTO `messages` (`id`, `from_user_id`, `to_user_id`, `body`, `is_important`, `is_delivered`, `created_at`) VALUES (18, 42, 78, 'Deleniti dicta eum non alias inventore quaerat ea. Qui dolorem est voluptate. Voluptatem aut aspernatur quasi alias corporis.', 1, 0, '2020-04-05 02:38:04');
INSERT INTO `messages` (`id`, `from_user_id`, `to_user_id`, `body`, `is_important`, `is_delivered`, `created_at`) VALUES (19, 81, 94, 'Odit ab omnis rerum. Rerum eligendi iure atque ab. Unde nobis ipsa aut ducimus qui assumenda cupiditate. Dolore ut asperiores iure veniam facere nesciunt.', 1, 1, '2017-01-18 06:51:00');
INSERT INTO `messages` (`id`, `from_user_id`, `to_user_id`, `body`, `is_important`, `is_delivered`, `created_at`) VALUES (20, 100, 86, 'Laudantium non voluptas saepe ab. Alias asperiores dolorem est eaque excepturi sed. Eveniet ut qui in et.', 1, 1, '2011-05-22 22:39:23');
INSERT INTO `messages` (`id`, `from_user_id`, `to_user_id`, `body`, `is_important`, `is_delivered`, `created_at`) VALUES (21, 64, 98, 'Ea consequatur tenetur est voluptas. Et quod culpa voluptatum molestiae impedit error consequuntur. Accusamus veniam sed ut id non atque voluptatem. Dolorum odio ab nulla aut id aut qui.', 0, 1, '2019-09-07 09:58:37');
INSERT INTO `messages` (`id`, `from_user_id`, `to_user_id`, `body`, `is_important`, `is_delivered`, `created_at`) VALUES (22, 90, 26, 'Esse dolores ullam quod rem ipsum est est. Nostrum ipsum quae aut vel. Quos ipsam et recusandae et rem qui. Eum quia qui inventore. Aut qui incidunt dolorum est.', 1, 0, '2014-02-11 00:02:34');
INSERT INTO `messages` (`id`, `from_user_id`, `to_user_id`, `body`, `is_important`, `is_delivered`, `created_at`) VALUES (23, 42, 36, 'Quia eligendi rerum dolorem suscipit ex. Est illo voluptatibus unde iusto aut. Ut laboriosam quis maxime accusamus quae. Ea iusto at explicabo quod ea id.', 1, 1, '2018-08-10 08:17:11');
INSERT INTO `messages` (`id`, `from_user_id`, `to_user_id`, `body`, `is_important`, `is_delivered`, `created_at`) VALUES (24, 90, 49, 'Pariatur in eos et velit id fugit. Quis et labore non tempora nisi dolor repellendus. Ducimus ea laborum quis nihil dolores laboriosam ab. Cupiditate non explicabo non qui.', 0, 1, '2014-06-20 22:53:25');
INSERT INTO `messages` (`id`, `from_user_id`, `to_user_id`, `body`, `is_important`, `is_delivered`, `created_at`) VALUES (25, 27, 52, 'Fugiat earum est quis corrupti ea voluptatem. Fugit sunt sit aut esse animi. Et laboriosam libero voluptas eligendi eius qui quod.', 1, 1, '2018-03-23 05:53:24');
INSERT INTO `messages` (`id`, `from_user_id`, `to_user_id`, `body`, `is_important`, `is_delivered`, `created_at`) VALUES (26, 67, 81, 'Adipisci minima non necessitatibus magni delectus autem. Fuga quaerat qui quae aspernatur ex. Sequi et aut dolores et hic amet cupiditate architecto. Molestias alias ipsam rem debitis aspernatur dolor nihil.', 1, 0, '2016-12-16 06:48:32');
INSERT INTO `messages` (`id`, `from_user_id`, `to_user_id`, `body`, `is_important`, `is_delivered`, `created_at`) VALUES (27, 73, 39, 'Inventore voluptas eos quo laborum. Iure voluptatem laboriosam aspernatur tenetur. Cum quis maxime quo consequuntur architecto veniam.', 1, 0, '2020-03-06 01:43:35');
INSERT INTO `messages` (`id`, `from_user_id`, `to_user_id`, `body`, `is_important`, `is_delivered`, `created_at`) VALUES (28, 82, 89, 'Omnis corporis quibusdam aperiam sit. Omnis aut commodi deserunt rerum. Quibusdam a iusto id fugiat nesciunt minus. Soluta corrupti et modi ipsum sit quia.', 0, 0, '2018-08-28 05:03:06');
INSERT INTO `messages` (`id`, `from_user_id`, `to_user_id`, `body`, `is_important`, `is_delivered`, `created_at`) VALUES (29, 41, 83, 'Magni cupiditate in sapiente enim. Sunt modi et excepturi minima aut reiciendis consequatur. Rerum consequatur ipsam deleniti quia eum tenetur nam. Aut omnis quibusdam vel deleniti reiciendis.', 0, 0, '2015-06-04 00:03:53');
INSERT INTO `messages` (`id`, `from_user_id`, `to_user_id`, `body`, `is_important`, `is_delivered`, `created_at`) VALUES (30, 78, 60, 'Assumenda saepe facere inventore eum. Nam beatae nulla sint similique unde. Ratione odit dolore consequatur et. Eum distinctio est voluptates.', 0, 0, '2014-05-26 23:25:03');
INSERT INTO `messages` (`id`, `from_user_id`, `to_user_id`, `body`, `is_important`, `is_delivered`, `created_at`) VALUES (31, 21, 34, 'Nesciunt deleniti ea minus quas quo est. In id et consectetur sed optio velit. Sint itaque consectetur alias vero aut unde. Autem deleniti doloribus vel voluptas.', 0, 0, '2011-02-21 22:30:29');
INSERT INTO `messages` (`id`, `from_user_id`, `to_user_id`, `body`, `is_important`, `is_delivered`, `created_at`) VALUES (32, 74, 77, 'Optio cupiditate perferendis consequuntur excepturi. Nulla in sequi incidunt totam et. Qui iusto ut eos sint laboriosam quae harum minus. Voluptatem perspiciatis itaque molestiae illo velit deleniti.', 1, 0, '2016-01-23 19:57:24');
INSERT INTO `messages` (`id`, `from_user_id`, `to_user_id`, `body`, `is_important`, `is_delivered`, `created_at`) VALUES (33, 48, 16, 'Harum soluta aliquid fuga. Facere vel qui qui voluptatum est veniam. Non consequatur pariatur sunt voluptate. Labore autem asperiores culpa atque rerum sit.', 1, 1, '2014-07-01 08:26:37');
INSERT INTO `messages` (`id`, `from_user_id`, `to_user_id`, `body`, `is_important`, `is_delivered`, `created_at`) VALUES (34, 55, 28, 'Aut quibusdam numquam porro voluptas quod dicta. Ullam soluta omnis dolorem maiores itaque. Et nihil et ratione aut blanditiis beatae corrupti.', 1, 0, '2019-02-04 13:17:54');
INSERT INTO `messages` (`id`, `from_user_id`, `to_user_id`, `body`, `is_important`, `is_delivered`, `created_at`) VALUES (35, 9, 55, 'Ducimus nihil deserunt velit nemo sed id. Voluptatem eveniet ipsum eaque laborum nam. Ab non blanditiis quo explicabo.', 0, 1, '2013-10-18 20:35:19');
INSERT INTO `messages` (`id`, `from_user_id`, `to_user_id`, `body`, `is_important`, `is_delivered`, `created_at`) VALUES (36, 13, 73, 'Vel magni consequatur ut provident veniam vitae. Fuga numquam facilis mollitia laboriosam. Ex vero sit dicta.', 1, 1, '2015-10-12 14:43:13');
INSERT INTO `messages` (`id`, `from_user_id`, `to_user_id`, `body`, `is_important`, `is_delivered`, `created_at`) VALUES (37, 52, 3, 'Et ut iure placeat suscipit cumque non. Non cumque est voluptatum accusamus quia porro qui. Vel nobis voluptates sint saepe consequatur vel. Dolor perspiciatis quas vitae explicabo dolores consequatur et et. Nulla non ea odit eos ad laborum in tempora.', 1, 0, '2012-11-12 16:46:00');
INSERT INTO `messages` (`id`, `from_user_id`, `to_user_id`, `body`, `is_important`, `is_delivered`, `created_at`) VALUES (38, 99, 94, 'Et sequi est atque eius rerum est. Dignissimos ut quia perspiciatis sed eos unde. Corrupti quo est inventore perspiciatis est nihil tempora modi.', 0, 1, '2018-11-27 12:24:42');
INSERT INTO `messages` (`id`, `from_user_id`, `to_user_id`, `body`, `is_important`, `is_delivered`, `created_at`) VALUES (39, 39, 88, 'Ut dicta velit quidem similique. Sed ratione atque rerum sint voluptate in et. Ex odio dolores et eligendi placeat.', 0, 0, '2010-07-19 15:40:42');
INSERT INTO `messages` (`id`, `from_user_id`, `to_user_id`, `body`, `is_important`, `is_delivered`, `created_at`) VALUES (40, 42, 66, 'Quia doloremque ipsum reprehenderit nemo consectetur qui. Dolores voluptate minima deleniti repellat tempore mollitia. Quidem quia perspiciatis fugiat et autem itaque. Eveniet voluptatibus repellendus officiis eius.', 0, 1, '2020-02-22 16:59:27');
INSERT INTO `messages` (`id`, `from_user_id`, `to_user_id`, `body`, `is_important`, `is_delivered`, `created_at`) VALUES (41, 39, 8, 'Excepturi facere eius error rem omnis. Blanditiis similique voluptas cupiditate voluptatem neque. Id optio dolorum facilis eveniet sunt.', 1, 0, '2018-08-20 13:37:53');
INSERT INTO `messages` (`id`, `from_user_id`, `to_user_id`, `body`, `is_important`, `is_delivered`, `created_at`) VALUES (42, 46, 11, 'Voluptatem ut officiis repellendus exercitationem debitis illum asperiores. Quam quos neque praesentium qui. Dolorum et harum quam quis fuga aliquam officia.', 1, 1, '2013-10-01 15:46:24');
INSERT INTO `messages` (`id`, `from_user_id`, `to_user_id`, `body`, `is_important`, `is_delivered`, `created_at`) VALUES (43, 47, 28, 'Soluta quasi est quas alias. Quasi cum qui assumenda quam qui voluptatem iure. Quis cupiditate consequatur voluptas consequuntur voluptatem maiores est. Quia aut ut fugiat a voluptatibus. Minima sapiente magni aliquid doloremque.', 1, 0, '2013-06-06 03:28:14');
INSERT INTO `messages` (`id`, `from_user_id`, `to_user_id`, `body`, `is_important`, `is_delivered`, `created_at`) VALUES (44, 99, 88, 'Ut sunt reprehenderit cum mollitia qui est. Laboriosam qui porro sequi. Dicta repellendus exercitationem autem. Error facere beatae atque modi facere velit cumque.', 1, 0, '2019-03-31 02:37:24');
INSERT INTO `messages` (`id`, `from_user_id`, `to_user_id`, `body`, `is_important`, `is_delivered`, `created_at`) VALUES (45, 10, 77, 'Assumenda qui qui placeat deserunt eligendi enim. Suscipit eligendi repellat et sed. Qui molestiae quo et recusandae recusandae ipsa sit et. Ullam sequi eum voluptatibus deleniti.', 0, 0, '2014-09-17 14:31:53');
INSERT INTO `messages` (`id`, `from_user_id`, `to_user_id`, `body`, `is_important`, `is_delivered`, `created_at`) VALUES (46, 47, 31, 'Recusandae laudantium deleniti voluptas qui. Doloremque excepturi inventore saepe quia aperiam et repellendus. Maiores ut sequi praesentium.', 0, 0, '2017-10-15 10:11:36');
INSERT INTO `messages` (`id`, `from_user_id`, `to_user_id`, `body`, `is_important`, `is_delivered`, `created_at`) VALUES (47, 10, 21, 'Facilis pariatur ea qui autem. Pariatur cupiditate nobis non ipsa totam quo. Non natus qui qui dolorem ea error et vel. Consequatur consequatur quod dolor eligendi est.', 0, 1, '2019-04-04 22:43:09');
INSERT INTO `messages` (`id`, `from_user_id`, `to_user_id`, `body`, `is_important`, `is_delivered`, `created_at`) VALUES (48, 8, 57, 'Praesentium quo corporis iusto facere in qui. Et ab ut sit enim.', 1, 1, '2012-05-14 10:47:07');
INSERT INTO `messages` (`id`, `from_user_id`, `to_user_id`, `body`, `is_important`, `is_delivered`, `created_at`) VALUES (49, 37, 62, 'Dolor dolorum qui sed dolorem iusto. Quod tenetur ullam id earum qui. Reprehenderit saepe maxime occaecati dignissimos doloremque in corrupti.', 0, 0, '2019-06-19 09:21:33');
INSERT INTO `messages` (`id`, `from_user_id`, `to_user_id`, `body`, `is_important`, `is_delivered`, `created_at`) VALUES (50, 85, 46, 'Laborum dignissimos accusamus accusantium qui. Quisquam a repellat magni voluptatem reiciendis aspernatur deserunt. Magni quia sit adipisci. Labore dolores est quo accusamus ex. Dolor amet eum qui.', 0, 1, '2018-10-25 20:41:12');
INSERT INTO `messages` (`id`, `from_user_id`, `to_user_id`, `body`, `is_important`, `is_delivered`, `created_at`) VALUES (51, 16, 98, 'Aut ut labore nisi perspiciatis necessitatibus. Distinctio vitae officia assumenda neque dolorem sed ut. Veritatis quasi odit deserunt facere consequatur vitae omnis commodi.', 0, 0, '2012-09-14 23:28:16');
INSERT INTO `messages` (`id`, `from_user_id`, `to_user_id`, `body`, `is_important`, `is_delivered`, `created_at`) VALUES (52, 18, 68, 'Eum est quibusdam nulla est tenetur modi. Provident necessitatibus rerum ut aliquid.', 0, 0, '2017-06-26 07:15:18');
INSERT INTO `messages` (`id`, `from_user_id`, `to_user_id`, `body`, `is_important`, `is_delivered`, `created_at`) VALUES (53, 1, 16, 'Saepe optio id dolor temporibus distinctio numquam maxime sit. Beatae dicta ipsum omnis sit maxime modi quibusdam. Iste expedita molestiae qui culpa.', 1, 0, '2015-10-23 17:14:48');
INSERT INTO `messages` (`id`, `from_user_id`, `to_user_id`, `body`, `is_important`, `is_delivered`, `created_at`) VALUES (54, 61, 39, 'Similique odit sint ea facere quos nulla. Dolores sed magnam aperiam non aperiam quia. Quos labore reiciendis unde vero est autem beatae voluptatem. Voluptas officia ducimus vel quidem harum ipsam ut.', 1, 0, '2011-04-07 19:05:03');
INSERT INTO `messages` (`id`, `from_user_id`, `to_user_id`, `body`, `is_important`, `is_delivered`, `created_at`) VALUES (55, 4, 3, 'Perferendis et assumenda sit. Eligendi eius rerum aut corporis quia. Autem facilis eos aspernatur sapiente.', 1, 1, '2018-07-26 10:08:11');
INSERT INTO `messages` (`id`, `from_user_id`, `to_user_id`, `body`, `is_important`, `is_delivered`, `created_at`) VALUES (56, 4, 42, 'Voluptatem et odio sequi qui sint. Aut est dicta ipsum qui sunt.', 1, 0, '2014-10-23 21:35:02');
INSERT INTO `messages` (`id`, `from_user_id`, `to_user_id`, `body`, `is_important`, `is_delivered`, `created_at`) VALUES (57, 11, 50, 'Sed minus reprehenderit rem omnis est. Corporis nihil facere voluptatem voluptatibus molestias. Illum et animi necessitatibus aliquam. Sit voluptatem ut aut necessitatibus iste officiis optio impedit.', 0, 0, '2016-11-19 13:25:10');
INSERT INTO `messages` (`id`, `from_user_id`, `to_user_id`, `body`, `is_important`, `is_delivered`, `created_at`) VALUES (58, 53, 58, 'Accusantium laudantium pariatur esse. Libero quia doloremque velit beatae vero voluptatibus sit. Occaecati et aut vitae non nisi dolorem.', 0, 0, '2016-07-01 20:26:21');
INSERT INTO `messages` (`id`, `from_user_id`, `to_user_id`, `body`, `is_important`, `is_delivered`, `created_at`) VALUES (59, 77, 52, 'Maxime est quis rerum. Quidem atque consequuntur iusto asperiores. Tempore provident sed odio qui eum saepe. Eos sunt neque adipisci animi est repellendus non.', 0, 0, '2016-09-15 17:12:06');
INSERT INTO `messages` (`id`, `from_user_id`, `to_user_id`, `body`, `is_important`, `is_delivered`, `created_at`) VALUES (60, 45, 87, 'Dignissimos minus totam est iure eveniet autem totam voluptatum. Ut et et rerum assumenda tenetur.', 0, 1, '2012-11-13 07:41:28');
INSERT INTO `messages` (`id`, `from_user_id`, `to_user_id`, `body`, `is_important`, `is_delivered`, `created_at`) VALUES (61, 28, 92, 'Quidem cupiditate aut minus iusto. Illum facilis dolor cupiditate est. Deserunt omnis vel quasi et est.', 1, 0, '2017-05-06 07:43:57');
INSERT INTO `messages` (`id`, `from_user_id`, `to_user_id`, `body`, `is_important`, `is_delivered`, `created_at`) VALUES (62, 17, 38, 'Exercitationem et beatae est sit. Dignissimos in eos dolores. Ipsa aut explicabo qui cupiditate voluptates qui alias.', 1, 1, '2014-02-08 09:09:18');
INSERT INTO `messages` (`id`, `from_user_id`, `to_user_id`, `body`, `is_important`, `is_delivered`, `created_at`) VALUES (63, 12, 24, 'Nihil nisi consequuntur velit quisquam. Occaecati excepturi molestiae esse et. Accusantium hic amet recusandae est et doloremque. Repellat autem aut sunt dicta porro.', 1, 0, '2016-07-23 19:12:22');
INSERT INTO `messages` (`id`, `from_user_id`, `to_user_id`, `body`, `is_important`, `is_delivered`, `created_at`) VALUES (64, 95, 49, 'Architecto laborum sequi atque ducimus aut dolore optio odio. At fuga cum corrupti ab eligendi. Et id natus cupiditate a ducimus suscipit.', 0, 1, '2014-11-05 11:37:13');
INSERT INTO `messages` (`id`, `from_user_id`, `to_user_id`, `body`, `is_important`, `is_delivered`, `created_at`) VALUES (65, 86, 79, 'Distinctio ut esse ab tempore ea et. Odit culpa voluptatum accusantium maiores distinctio.', 0, 0, '2015-04-06 18:40:00');
INSERT INTO `messages` (`id`, `from_user_id`, `to_user_id`, `body`, `is_important`, `is_delivered`, `created_at`) VALUES (66, 94, 2, 'Est velit voluptas id sapiente. Tempore fugiat asperiores voluptas aperiam nobis. Minus voluptas quia reiciendis tempora. Accusantium fugiat illo deleniti molestias dolor consequuntur.', 1, 1, '2017-04-27 02:19:13');
INSERT INTO `messages` (`id`, `from_user_id`, `to_user_id`, `body`, `is_important`, `is_delivered`, `created_at`) VALUES (67, 76, 11, 'Odio eos similique velit officiis ipsa commodi fugit. Cum voluptatibus molestias deleniti quidem deserunt quidem. Nostrum veritatis magnam adipisci voluptatum voluptatem quia expedita blanditiis.', 1, 0, '2015-10-16 07:39:10');
INSERT INTO `messages` (`id`, `from_user_id`, `to_user_id`, `body`, `is_important`, `is_delivered`, `created_at`) VALUES (68, 70, 76, 'Accusantium sed ut velit cum maiores minima occaecati dicta. Nulla accusamus iusto veniam consequatur corrupti deleniti accusantium. Fugiat delectus vero totam dignissimos mollitia necessitatibus.', 0, 1, '2017-11-26 06:12:20');
INSERT INTO `messages` (`id`, `from_user_id`, `to_user_id`, `body`, `is_important`, `is_delivered`, `created_at`) VALUES (69, 27, 31, 'Earum quibusdam ea aut quia. Fuga ut molestiae unde inventore quia iusto hic autem. Numquam tempore alias voluptas atque rerum dolore.', 0, 0, '2016-02-27 08:55:29');
INSERT INTO `messages` (`id`, `from_user_id`, `to_user_id`, `body`, `is_important`, `is_delivered`, `created_at`) VALUES (70, 14, 30, 'Delectus aliquid nobis dolorem asperiores. Maxime est ratione neque dolorum.', 1, 0, '2019-01-04 22:55:47');
INSERT INTO `messages` (`id`, `from_user_id`, `to_user_id`, `body`, `is_important`, `is_delivered`, `created_at`) VALUES (71, 34, 18, 'Non delectus nisi perferendis qui sint repellat eos. Et iure aliquam facilis dolorum aspernatur corrupti. Illum temporibus sint quo consequatur.', 0, 0, '2018-06-28 02:53:22');
INSERT INTO `messages` (`id`, `from_user_id`, `to_user_id`, `body`, `is_important`, `is_delivered`, `created_at`) VALUES (72, 72, 44, 'Praesentium veniam nam et quod incidunt laudantium. Neque modi impedit aut. Quae fugit sed unde dolore ab laborum. Consequatur illo dignissimos commodi quod.', 0, 1, '2020-03-10 00:03:43');
INSERT INTO `messages` (`id`, `from_user_id`, `to_user_id`, `body`, `is_important`, `is_delivered`, `created_at`) VALUES (73, 67, 25, 'Dolorum unde aut ab. Voluptatem aut expedita voluptatibus natus. Eos reprehenderit dolorem illum quia fugit. Iusto autem qui omnis velit aut.', 0, 0, '2016-07-01 21:40:40');
INSERT INTO `messages` (`id`, `from_user_id`, `to_user_id`, `body`, `is_important`, `is_delivered`, `created_at`) VALUES (74, 1, 43, 'Exercitationem sint et repellat quae cumque voluptates. Commodi deserunt enim sapiente adipisci non nemo. Architecto recusandae dolorum eos.', 1, 0, '2011-03-01 10:21:40');
INSERT INTO `messages` (`id`, `from_user_id`, `to_user_id`, `body`, `is_important`, `is_delivered`, `created_at`) VALUES (75, 76, 45, 'Ratione porro voluptas quidem voluptas laboriosam. Non enim numquam a nulla dolores. Magnam dignissimos eius itaque rerum.', 0, 0, '2018-10-26 23:46:36');
INSERT INTO `messages` (`id`, `from_user_id`, `to_user_id`, `body`, `is_important`, `is_delivered`, `created_at`) VALUES (76, 30, 4, 'Rerum asperiores cupiditate natus. Quidem magnam enim laborum dolore natus sit.', 1, 0, '2011-07-18 02:18:26');
INSERT INTO `messages` (`id`, `from_user_id`, `to_user_id`, `body`, `is_important`, `is_delivered`, `created_at`) VALUES (77, 36, 46, 'Culpa iste atque id sunt reprehenderit sed numquam. Voluptatibus quasi tenetur autem et qui consequatur. Minus sit laboriosam assumenda non reprehenderit consectetur et.', 0, 1, '2013-06-10 19:19:28');
INSERT INTO `messages` (`id`, `from_user_id`, `to_user_id`, `body`, `is_important`, `is_delivered`, `created_at`) VALUES (78, 41, 48, 'Laudantium id sint sed a quasi asperiores. Et sequi minus iste accusantium. Aperiam porro id et.', 1, 0, '2013-02-17 23:04:39');
INSERT INTO `messages` (`id`, `from_user_id`, `to_user_id`, `body`, `is_important`, `is_delivered`, `created_at`) VALUES (79, 70, 35, 'Labore est enim suscipit temporibus vero. Deserunt aut aut excepturi odit dolor. Soluta dolorem recusandae aspernatur accusantium quia in.', 0, 1, '2013-05-01 12:34:33');
INSERT INTO `messages` (`id`, `from_user_id`, `to_user_id`, `body`, `is_important`, `is_delivered`, `created_at`) VALUES (80, 96, 56, 'Dolore ipsum quae delectus sint. Voluptatem saepe temporibus ut vitae eum sequi. In autem sint dolores perferendis aliquid. Ea a ab repudiandae animi placeat nam alias rerum.', 0, 1, '2017-07-26 01:10:38');
INSERT INTO `messages` (`id`, `from_user_id`, `to_user_id`, `body`, `is_important`, `is_delivered`, `created_at`) VALUES (81, 14, 90, 'Cum itaque quibusdam quos. Consequuntur qui atque cupiditate. Libero accusantium hic non nemo dolor. Et eligendi soluta est iusto id doloribus repellat.', 0, 1, '2014-01-01 22:12:34');
INSERT INTO `messages` (`id`, `from_user_id`, `to_user_id`, `body`, `is_important`, `is_delivered`, `created_at`) VALUES (82, 58, 90, 'Maiores ullam et non adipisci distinctio rerum praesentium. Dolores totam dicta aut ea porro.', 1, 0, '2019-08-20 03:39:57');
INSERT INTO `messages` (`id`, `from_user_id`, `to_user_id`, `body`, `is_important`, `is_delivered`, `created_at`) VALUES (83, 1, 28, 'Distinctio nihil veniam adipisci atque nobis. Id consequatur asperiores mollitia sunt neque ut est. Minima aliquam similique magni doloribus qui illo. Qui quod fuga ut repellat est.', 0, 0, '2013-10-19 16:01:44');
INSERT INTO `messages` (`id`, `from_user_id`, `to_user_id`, `body`, `is_important`, `is_delivered`, `created_at`) VALUES (84, 65, 27, 'Consequatur ut nulla optio nesciunt. Tenetur assumenda deserunt blanditiis quos qui accusantium ea suscipit. Voluptatum odio veritatis architecto ut voluptatibus similique.', 0, 1, '2017-10-30 01:01:10');
INSERT INTO `messages` (`id`, `from_user_id`, `to_user_id`, `body`, `is_important`, `is_delivered`, `created_at`) VALUES (85, 58, 79, 'Possimus voluptatem rerum laudantium et. Est occaecati et rerum eligendi dolores ut. Nobis consequatur quam et ab vel unde inventore.', 0, 0, '2019-07-23 09:31:43');
INSERT INTO `messages` (`id`, `from_user_id`, `to_user_id`, `body`, `is_important`, `is_delivered`, `created_at`) VALUES (86, 57, 91, 'Qui vel quaerat explicabo ipsa iusto qui doloribus tenetur. Facilis accusamus consequatur et delectus eos rerum veritatis. Qui qui eaque et temporibus. Molestiae natus voluptas et omnis in.', 0, 1, '2012-09-17 17:23:56');
INSERT INTO `messages` (`id`, `from_user_id`, `to_user_id`, `body`, `is_important`, `is_delivered`, `created_at`) VALUES (87, 96, 28, 'Ipsam impedit ab doloribus. Saepe atque accusantium accusamus inventore itaque. Expedita fuga sit nihil eligendi. Est non asperiores vitae aperiam architecto. Atque quas animi maiores non corporis pariatur doloribus.', 0, 0, '2018-08-17 14:27:41');
INSERT INTO `messages` (`id`, `from_user_id`, `to_user_id`, `body`, `is_important`, `is_delivered`, `created_at`) VALUES (88, 35, 63, 'Harum quia a labore sapiente explicabo. Voluptas sunt dolorum nesciunt saepe doloribus voluptas dolorem. Maxime numquam accusantium excepturi sed et eos tenetur.', 0, 1, '2014-07-26 05:49:00');
INSERT INTO `messages` (`id`, `from_user_id`, `to_user_id`, `body`, `is_important`, `is_delivered`, `created_at`) VALUES (89, 52, 35, 'Voluptatem cum rem distinctio. Doloribus eligendi molestias incidunt consequatur voluptatem enim occaecati. Vitae dolores quia accusamus ullam aut.', 0, 1, '2017-03-27 09:20:58');
INSERT INTO `messages` (`id`, `from_user_id`, `to_user_id`, `body`, `is_important`, `is_delivered`, `created_at`) VALUES (90, 6, 28, 'Omnis distinctio aut consequuntur. Culpa veniam corrupti omnis. Quod quia facilis et itaque natus.', 0, 1, '2014-03-29 08:39:28');
INSERT INTO `messages` (`id`, `from_user_id`, `to_user_id`, `body`, `is_important`, `is_delivered`, `created_at`) VALUES (91, 80, 35, 'Eum facere excepturi dolorem nulla. Harum assumenda et voluptatem dolores quae non. Expedita ut ut consectetur eius. Dignissimos nesciunt sed laborum aspernatur.', 0, 1, '2011-11-28 03:16:37');
INSERT INTO `messages` (`id`, `from_user_id`, `to_user_id`, `body`, `is_important`, `is_delivered`, `created_at`) VALUES (92, 31, 15, 'Doloremque ullam alias aut quia amet deleniti. Et accusamus voluptate tempora laborum in numquam voluptas nam. Ut non blanditiis animi quaerat sint.', 0, 0, '2015-11-13 01:58:19');
INSERT INTO `messages` (`id`, `from_user_id`, `to_user_id`, `body`, `is_important`, `is_delivered`, `created_at`) VALUES (93, 80, 72, 'Magnam consequatur est at laboriosam voluptate pariatur. Non et magnam placeat labore earum. Ratione ratione est facilis quis nisi.', 0, 0, '2015-03-18 00:21:49');
INSERT INTO `messages` (`id`, `from_user_id`, `to_user_id`, `body`, `is_important`, `is_delivered`, `created_at`) VALUES (94, 63, 50, 'Non dicta dolor non officia amet. Qui fugit quas recusandae corporis. Nam quaerat voluptas fuga rem nihil est.', 1, 1, '2011-12-01 10:48:46');
INSERT INTO `messages` (`id`, `from_user_id`, `to_user_id`, `body`, `is_important`, `is_delivered`, `created_at`) VALUES (95, 7, 59, 'Voluptatem voluptatem at vel illum ipsum non velit. Sed recusandae praesentium porro ut. Consequuntur et quidem aperiam.', 1, 1, '2012-06-22 09:57:54');
INSERT INTO `messages` (`id`, `from_user_id`, `to_user_id`, `body`, `is_important`, `is_delivered`, `created_at`) VALUES (96, 5, 20, 'Omnis qui debitis ut possimus laboriosam. Voluptas voluptatem ullam tenetur quia distinctio. In aliquid minima aliquam. Sed optio sint beatae dolore consectetur dolores vitae. Quibusdam omnis odio perferendis quam voluptatibus quos.', 1, 1, '2018-03-05 00:56:51');
INSERT INTO `messages` (`id`, `from_user_id`, `to_user_id`, `body`, `is_important`, `is_delivered`, `created_at`) VALUES (97, 48, 63, 'Nobis laudantium at eum ut quibusdam ut. Nesciunt explicabo perspiciatis quia molestiae repellat nisi. Et voluptatibus possimus officia qui iusto dolor. Ea voluptatum soluta nam quibusdam distinctio sed.', 1, 0, '2016-12-07 20:56:40');
INSERT INTO `messages` (`id`, `from_user_id`, `to_user_id`, `body`, `is_important`, `is_delivered`, `created_at`) VALUES (98, 9, 48, 'Ab eligendi ea rerum aut fugit facere aut. Deserunt perspiciatis aut soluta adipisci impedit. Veniam at possimus et laboriosam quis eaque dicta.', 0, 0, '2019-07-30 06:52:06');
INSERT INTO `messages` (`id`, `from_user_id`, `to_user_id`, `body`, `is_important`, `is_delivered`, `created_at`) VALUES (99, 90, 74, 'Ipsam laboriosam officiis asperiores est ullam fugiat. Quis magni in enim aut distinctio labore. Sit vel quisquam minus corporis quas ad et. Et tenetur et est quis provident pariatur qui.', 1, 1, '2016-10-03 05:31:25');
INSERT INTO `messages` (`id`, `from_user_id`, `to_user_id`, `body`, `is_important`, `is_delivered`, `created_at`) VALUES (100, 75, 48, 'Voluptatem nesciunt minus numquam molestiae et aut. Voluptas commodi voluptatem non voluptatem et sapiente. Expedita nulla sed praesentium quam.', 1, 1, '2019-08-23 06:35:12');


#
# TABLE STRUCTURE FOR: profiles
#

DROP TABLE IF EXISTS `profiles`;

CREATE TABLE `profiles` (
  `user_id` int(10) unsigned NOT NULL,
  `gender` char(1) COLLATE utf8_unicode_ci NOT NULL,
  `birthday` date DEFAULT NULL,
  `city` varchar(130) COLLATE utf8_unicode_ci DEFAULT NULL,
  `country` varchar(130) COLLATE utf8_unicode_ci DEFAULT NULL,
  `created_at` datetime DEFAULT current_timestamp(),
  `updated_at` datetime DEFAULT current_timestamp() ON UPDATE current_timestamp(),
  PRIMARY KEY (`user_id`)
) ENGINE=InnoDB DEFAULT CHARSET=utf8 COLLATE=utf8_unicode_ci;

INSERT INTO `profiles` (`user_id`, `gender`, `birthday`, `city`, `country`, `created_at`, `updated_at`) VALUES (1, 'w', '1991-06-08', 'West Iliana', 'Pakistan', '2010-07-05 04:41:46', '2015-05-16 04:58:42');
INSERT INTO `profiles` (`user_id`, `gender`, `birthday`, `city`, `country`, `created_at`, `updated_at`) VALUES (2, 'm', '1979-12-16', 'Wisokyland', 'Ghana', '2014-12-07 18:42:25', '2013-08-17 15:40:10');
INSERT INTO `profiles` (`user_id`, `gender`, `birthday`, `city`, `country`, `created_at`, `updated_at`) VALUES (3, 'm', '2004-01-01', 'New General', 'Saint Kitts and Nevis', '2013-09-16 02:24:25', '2017-10-26 01:24:04');
INSERT INTO `profiles` (`user_id`, `gender`, `birthday`, `city`, `country`, `created_at`, `updated_at`) VALUES (4, 'm', '2019-07-06', 'Port Fannymouth', 'Austria', '2017-02-18 15:12:14', '2019-10-07 21:44:02');
INSERT INTO `profiles` (`user_id`, `gender`, `birthday`, `city`, `country`, `created_at`, `updated_at`) VALUES (5, 'm', '1980-08-15', 'North Laverna', 'Thailand', '2010-05-11 11:55:52', '2012-09-12 09:05:57');
INSERT INTO `profiles` (`user_id`, `gender`, `birthday`, `city`, `country`, `created_at`, `updated_at`) VALUES (6, 'm', '1985-10-07', 'New Ruthe', 'Sri Lanka', '2014-12-30 10:34:53', '2011-04-23 12:58:30');
INSERT INTO `profiles` (`user_id`, `gender`, `birthday`, `city`, `country`, `created_at`, `updated_at`) VALUES (7, 'w', '1998-04-21', 'Toneymouth', 'Faroe Islands', '2013-09-30 17:22:01', '2012-03-11 18:22:08');
INSERT INTO `profiles` (`user_id`, `gender`, `birthday`, `city`, `country`, `created_at`, `updated_at`) VALUES (8, 'm', '1985-02-28', 'North Audrey', 'Saint Barthelemy', '2015-01-29 22:38:54', '2013-03-05 15:36:16');
INSERT INTO `profiles` (`user_id`, `gender`, `birthday`, `city`, `country`, `created_at`, `updated_at`) VALUES (9, 'w', '1993-08-23', 'Lake Ardenside', 'Libyan Arab Jamahiriya', '2017-03-20 09:13:20', '2019-02-10 17:27:12');
INSERT INTO `profiles` (`user_id`, `gender`, `birthday`, `city`, `country`, `created_at`, `updated_at`) VALUES (10, 'w', '1994-12-13', 'North Tommiemouth', 'Kuwait', '2013-06-15 07:56:53', '2015-12-17 17:49:23');
INSERT INTO `profiles` (`user_id`, `gender`, `birthday`, `city`, `country`, `created_at`, `updated_at`) VALUES (11, 'm', '1972-01-20', 'West Lilly', 'Dominican Republic', '2018-02-06 09:04:56', '2019-09-11 05:17:36');
INSERT INTO `profiles` (`user_id`, `gender`, `birthday`, `city`, `country`, `created_at`, `updated_at`) VALUES (12, 'w', '1985-08-10', 'Kuhnborough', 'Papua New Guinea', '2013-09-03 13:09:29', '2013-09-07 20:41:56');
INSERT INTO `profiles` (`user_id`, `gender`, `birthday`, `city`, `country`, `created_at`, `updated_at`) VALUES (13, 'w', '2016-06-02', 'Port Elouise', 'United Kingdom', '2018-10-27 17:04:37', '2012-08-11 12:00:10');
INSERT INTO `profiles` (`user_id`, `gender`, `birthday`, `city`, `country`, `created_at`, `updated_at`) VALUES (14, 'w', '1988-05-28', 'Pearlchester', 'Niue', '2018-05-06 09:47:15', '2019-10-18 07:41:00');
INSERT INTO `profiles` (`user_id`, `gender`, `birthday`, `city`, `country`, `created_at`, `updated_at`) VALUES (15, 'm', '1990-05-31', 'Port Fernando', 'India', '2014-09-03 18:32:05', '2017-06-30 20:01:06');
INSERT INTO `profiles` (`user_id`, `gender`, `birthday`, `city`, `country`, `created_at`, `updated_at`) VALUES (16, 'm', '1994-05-04', 'Williamsonbury', 'Israel', '2013-08-01 15:57:19', '2014-08-17 03:02:57');
INSERT INTO `profiles` (`user_id`, `gender`, `birthday`, `city`, `country`, `created_at`, `updated_at`) VALUES (17, 'w', '1970-06-28', 'East Darlene', 'Puerto Rico', '2013-02-02 00:39:39', '2020-01-28 02:52:05');
INSERT INTO `profiles` (`user_id`, `gender`, `birthday`, `city`, `country`, `created_at`, `updated_at`) VALUES (18, 'w', '1972-07-10', 'North Cristina', 'Iran', '2011-07-31 13:27:25', '2013-07-28 02:19:03');
INSERT INTO `profiles` (`user_id`, `gender`, `birthday`, `city`, `country`, `created_at`, `updated_at`) VALUES (19, 'w', '2000-09-10', 'Faechester', 'Canada', '2013-12-06 04:46:45', '2019-07-13 02:10:37');
INSERT INTO `profiles` (`user_id`, `gender`, `birthday`, `city`, `country`, `created_at`, `updated_at`) VALUES (20, 'm', '2006-07-23', 'West Lennie', 'Egypt', '2015-08-05 03:25:44', '2019-02-09 03:36:48');
INSERT INTO `profiles` (`user_id`, `gender`, `birthday`, `city`, `country`, `created_at`, `updated_at`) VALUES (21, 'm', '2007-12-03', 'East Deangelo', 'French Polynesia', '2013-01-04 14:07:29', '2015-02-07 13:17:08');
INSERT INTO `profiles` (`user_id`, `gender`, `birthday`, `city`, `country`, `created_at`, `updated_at`) VALUES (22, 'w', '1997-01-17', 'Delaneymouth', 'Chad', '2012-07-10 03:11:27', '2020-02-15 17:42:33');
INSERT INTO `profiles` (`user_id`, `gender`, `birthday`, `city`, `country`, `created_at`, `updated_at`) VALUES (23, 'w', '1978-05-22', 'Port Oswaldo', 'Andorra', '2011-12-02 22:32:15', '2017-07-28 13:56:33');
INSERT INTO `profiles` (`user_id`, `gender`, `birthday`, `city`, `country`, `created_at`, `updated_at`) VALUES (24, 'w', '2003-03-11', 'South Maximillian', 'Latvia', '2011-09-03 19:46:30', '2018-04-15 06:33:26');
INSERT INTO `profiles` (`user_id`, `gender`, `birthday`, `city`, `country`, `created_at`, `updated_at`) VALUES (25, 'm', '1990-07-14', 'Lake Shannyburgh', 'Yemen', '2015-02-03 00:28:53', '2019-11-04 10:58:33');
INSERT INTO `profiles` (`user_id`, `gender`, `birthday`, `city`, `country`, `created_at`, `updated_at`) VALUES (26, 'm', '1978-04-04', 'Finnville', 'Nepal', '2011-04-02 12:47:40', '2018-09-26 07:57:58');
INSERT INTO `profiles` (`user_id`, `gender`, `birthday`, `city`, `country`, `created_at`, `updated_at`) VALUES (27, 'w', '2002-04-23', 'Torpberg', 'Dominican Republic', '2015-11-06 01:23:52', '2017-06-26 13:33:10');
INSERT INTO `profiles` (`user_id`, `gender`, `birthday`, `city`, `country`, `created_at`, `updated_at`) VALUES (28, 'm', '1990-03-20', 'Donnieview', 'Western Sahara', '2017-07-02 16:04:27', '2012-10-06 03:30:28');
INSERT INTO `profiles` (`user_id`, `gender`, `birthday`, `city`, `country`, `created_at`, `updated_at`) VALUES (29, 'm', '1980-03-25', 'Port Jaime', 'Cayman Islands', '2014-12-10 00:57:46', '2019-12-05 12:55:36');
INSERT INTO `profiles` (`user_id`, `gender`, `birthday`, `city`, `country`, `created_at`, `updated_at`) VALUES (30, 'm', '2018-04-11', 'Haagport', 'United States of America', '2019-12-23 18:07:46', '2014-12-08 13:24:39');
INSERT INTO `profiles` (`user_id`, `gender`, `birthday`, `city`, `country`, `created_at`, `updated_at`) VALUES (31, 'm', '1978-11-25', 'Jakechester', 'Isle of Man', '2014-07-21 11:48:48', '2017-02-16 21:19:53');
INSERT INTO `profiles` (`user_id`, `gender`, `birthday`, `city`, `country`, `created_at`, `updated_at`) VALUES (32, 'm', '1974-03-01', 'McClureton', 'Turkey', '2016-10-11 19:54:19', '2011-11-29 22:08:21');
INSERT INTO `profiles` (`user_id`, `gender`, `birthday`, `city`, `country`, `created_at`, `updated_at`) VALUES (33, 'm', '2008-04-13', 'Danielburgh', 'Philippines', '2010-05-28 01:01:09', '2019-06-19 14:27:51');
INSERT INTO `profiles` (`user_id`, `gender`, `birthday`, `city`, `country`, `created_at`, `updated_at`) VALUES (34, 'm', '2020-03-28', 'Elisechester', 'Tanzania', '2013-05-20 10:14:58', '2017-12-27 23:22:41');
INSERT INTO `profiles` (`user_id`, `gender`, `birthday`, `city`, `country`, `created_at`, `updated_at`) VALUES (35, 'w', '2019-09-20', 'South Larissa', 'Cameroon', '2019-05-29 23:25:07', '2016-01-03 03:06:01');
INSERT INTO `profiles` (`user_id`, `gender`, `birthday`, `city`, `country`, `created_at`, `updated_at`) VALUES (36, 'w', '1977-10-21', 'Sipesmouth', 'Singapore', '2011-12-25 07:38:11', '2014-09-22 03:09:27');
INSERT INTO `profiles` (`user_id`, `gender`, `birthday`, `city`, `country`, `created_at`, `updated_at`) VALUES (37, 'w', '2008-01-17', 'Asaburgh', 'Luxembourg', '2012-02-07 16:37:01', '2014-10-06 18:36:03');
INSERT INTO `profiles` (`user_id`, `gender`, `birthday`, `city`, `country`, `created_at`, `updated_at`) VALUES (38, 'w', '2001-10-20', 'Kristopherside', 'Reunion', '2016-08-09 01:00:26', '2015-10-03 17:58:03');
INSERT INTO `profiles` (`user_id`, `gender`, `birthday`, `city`, `country`, `created_at`, `updated_at`) VALUES (39, 'w', '1971-12-22', 'Lake Jabari', 'Cuba', '2010-11-14 00:11:11', '2011-06-22 17:53:56');
INSERT INTO `profiles` (`user_id`, `gender`, `birthday`, `city`, `country`, `created_at`, `updated_at`) VALUES (40, 'm', '2018-11-03', 'New Arden', 'Micronesia', '2015-01-05 11:50:50', '2012-01-29 09:24:54');
INSERT INTO `profiles` (`user_id`, `gender`, `birthday`, `city`, `country`, `created_at`, `updated_at`) VALUES (41, 'w', '2004-09-18', 'Robertsburgh', 'Honduras', '2016-09-17 01:38:29', '2014-02-24 09:36:30');
INSERT INTO `profiles` (`user_id`, `gender`, `birthday`, `city`, `country`, `created_at`, `updated_at`) VALUES (42, 'm', '1975-04-28', 'Hunterstad', 'Togo', '2010-06-28 18:09:58', '2019-08-07 19:38:32');
INSERT INTO `profiles` (`user_id`, `gender`, `birthday`, `city`, `country`, `created_at`, `updated_at`) VALUES (43, 'm', '1973-02-21', 'Lubowitzport', 'Central African Republic', '2019-07-03 20:25:01', '2011-05-01 09:20:13');
INSERT INTO `profiles` (`user_id`, `gender`, `birthday`, `city`, `country`, `created_at`, `updated_at`) VALUES (44, 'w', '1983-10-02', 'New Katherynmouth', 'Kuwait', '2011-06-22 05:46:38', '2019-08-01 04:32:33');
INSERT INTO `profiles` (`user_id`, `gender`, `birthday`, `city`, `country`, `created_at`, `updated_at`) VALUES (45, 'w', '1993-09-29', 'Strackemouth', 'Norway', '2012-04-20 09:55:52', '2012-11-12 09:09:50');
INSERT INTO `profiles` (`user_id`, `gender`, `birthday`, `city`, `country`, `created_at`, `updated_at`) VALUES (46, 'm', '1994-02-12', 'South Cecileview', 'Bouvet Island (Bouvetoya)', '2018-04-23 10:55:44', '2012-07-06 13:18:38');
INSERT INTO `profiles` (`user_id`, `gender`, `birthday`, `city`, `country`, `created_at`, `updated_at`) VALUES (47, 'm', '2013-04-03', 'South Abby', 'Equatorial Guinea', '2017-11-22 17:59:09', '2011-02-01 14:26:24');
INSERT INTO `profiles` (`user_id`, `gender`, `birthday`, `city`, `country`, `created_at`, `updated_at`) VALUES (48, 'm', '2001-11-05', 'East Lucas', 'Sudan', '2018-11-10 00:44:42', '2011-12-03 08:24:31');
INSERT INTO `profiles` (`user_id`, `gender`, `birthday`, `city`, `country`, `created_at`, `updated_at`) VALUES (49, 'w', '2006-12-31', 'Port Cyril', 'Liechtenstein', '2014-07-20 14:10:55', '2016-04-11 15:25:13');
INSERT INTO `profiles` (`user_id`, `gender`, `birthday`, `city`, `country`, `created_at`, `updated_at`) VALUES (50, 'w', '2007-12-08', 'North Linwoodstad', 'Guinea', '2010-08-31 15:06:08', '2016-06-14 06:47:10');
INSERT INTO `profiles` (`user_id`, `gender`, `birthday`, `city`, `country`, `created_at`, `updated_at`) VALUES (51, 'w', '2010-07-08', 'Nienowport', 'Saint Barthelemy', '2014-02-01 12:12:21', '2011-07-03 23:12:40');
INSERT INTO `profiles` (`user_id`, `gender`, `birthday`, `city`, `country`, `created_at`, `updated_at`) VALUES (52, 'm', '2004-08-26', 'Dudleyhaven', 'Saint Pierre and Miquelon', '2019-07-03 00:55:35', '2020-03-09 17:12:16');
INSERT INTO `profiles` (`user_id`, `gender`, `birthday`, `city`, `country`, `created_at`, `updated_at`) VALUES (53, 'w', '1983-04-15', 'North Missouristad', 'Nauru', '2011-02-02 06:32:25', '2015-05-13 10:24:25');
INSERT INTO `profiles` (`user_id`, `gender`, `birthday`, `city`, `country`, `created_at`, `updated_at`) VALUES (54, 'm', '1977-04-18', 'Margestad', 'Mayotte', '2011-05-09 10:25:29', '2015-09-11 07:51:28');
INSERT INTO `profiles` (`user_id`, `gender`, `birthday`, `city`, `country`, `created_at`, `updated_at`) VALUES (55, 'm', '1973-03-11', 'East Susanaborough', 'Mali', '2014-08-12 03:35:49', '2018-06-05 18:53:13');
INSERT INTO `profiles` (`user_id`, `gender`, `birthday`, `city`, `country`, `created_at`, `updated_at`) VALUES (56, 'w', '2000-03-03', 'McCulloughhaven', 'Montserrat', '2016-03-13 18:55:40', '2020-03-23 03:48:02');
INSERT INTO `profiles` (`user_id`, `gender`, `birthday`, `city`, `country`, `created_at`, `updated_at`) VALUES (57, 'm', '2011-11-15', 'Enidmouth', 'Chad', '2013-05-04 20:32:34', '2011-02-07 20:08:42');
INSERT INTO `profiles` (`user_id`, `gender`, `birthday`, `city`, `country`, `created_at`, `updated_at`) VALUES (58, 'm', '1996-09-16', 'West Lavernetown', 'Niue', '2019-09-27 15:59:10', '2019-04-26 08:38:39');
INSERT INTO `profiles` (`user_id`, `gender`, `birthday`, `city`, `country`, `created_at`, `updated_at`) VALUES (59, 'w', '1973-10-08', 'East Missouriland', 'Korea', '2016-01-13 08:51:35', '2016-07-26 10:06:50');
INSERT INTO `profiles` (`user_id`, `gender`, `birthday`, `city`, `country`, `created_at`, `updated_at`) VALUES (60, 'm', '2013-03-11', 'Carrollhaven', 'Cote d\'Ivoire', '2011-03-09 12:21:26', '2010-10-11 06:13:44');
INSERT INTO `profiles` (`user_id`, `gender`, `birthday`, `city`, `country`, `created_at`, `updated_at`) VALUES (61, 'w', '1998-05-03', 'Gorczanyhaven', 'Nigeria', '2012-04-29 14:14:19', '2019-08-15 23:34:52');
INSERT INTO `profiles` (`user_id`, `gender`, `birthday`, `city`, `country`, `created_at`, `updated_at`) VALUES (62, 'w', '1992-01-24', 'Angelhaven', 'Heard Island and McDonald Islands', '2013-03-15 12:16:17', '2020-01-19 11:45:05');
INSERT INTO `profiles` (`user_id`, `gender`, `birthday`, `city`, `country`, `created_at`, `updated_at`) VALUES (63, 'w', '1989-07-17', 'Trudieville', 'Nepal', '2016-04-30 10:59:53', '2014-02-23 19:08:58');
INSERT INTO `profiles` (`user_id`, `gender`, `birthday`, `city`, `country`, `created_at`, `updated_at`) VALUES (64, 'm', '1994-08-22', 'Stiedemannhaven', 'Nicaragua', '2011-05-07 18:47:37', '2014-07-08 16:56:24');
INSERT INTO `profiles` (`user_id`, `gender`, `birthday`, `city`, `country`, `created_at`, `updated_at`) VALUES (65, 'm', '1988-10-25', 'West Willardchester', 'Jordan', '2017-12-21 04:56:12', '2010-05-26 08:14:19');
INSERT INTO `profiles` (`user_id`, `gender`, `birthday`, `city`, `country`, `created_at`, `updated_at`) VALUES (66, 'w', '1974-09-13', 'Lupeview', 'Cape Verde', '2014-12-27 05:30:49', '2017-02-18 06:28:41');
INSERT INTO `profiles` (`user_id`, `gender`, `birthday`, `city`, `country`, `created_at`, `updated_at`) VALUES (67, 'w', '2017-01-02', 'East Josiefurt', 'Niger', '2019-08-10 01:09:49', '2018-08-14 00:58:28');
INSERT INTO `profiles` (`user_id`, `gender`, `birthday`, `city`, `country`, `created_at`, `updated_at`) VALUES (68, 'w', '1982-04-28', 'Rodrigobury', 'Djibouti', '2017-06-07 00:34:09', '2015-10-19 09:11:40');
INSERT INTO `profiles` (`user_id`, `gender`, `birthday`, `city`, `country`, `created_at`, `updated_at`) VALUES (69, 'm', '2015-05-25', 'Babyport', 'French Southern Territories', '2011-10-20 07:08:31', '2018-03-09 09:59:51');
INSERT INTO `profiles` (`user_id`, `gender`, `birthday`, `city`, `country`, `created_at`, `updated_at`) VALUES (70, 'w', '1984-04-27', 'Marianoshire', 'Chile', '2014-01-02 08:47:10', '2018-08-15 02:06:08');
INSERT INTO `profiles` (`user_id`, `gender`, `birthday`, `city`, `country`, `created_at`, `updated_at`) VALUES (71, 'w', '1996-03-11', 'East Neal', 'United Kingdom', '2014-03-07 11:14:13', '2014-12-08 17:06:35');
INSERT INTO `profiles` (`user_id`, `gender`, `birthday`, `city`, `country`, `created_at`, `updated_at`) VALUES (72, 'w', '1995-04-23', 'Jasonmouth', 'Maldives', '2014-06-08 21:20:47', '2015-05-05 02:25:34');
INSERT INTO `profiles` (`user_id`, `gender`, `birthday`, `city`, `country`, `created_at`, `updated_at`) VALUES (73, 'm', '1973-01-24', 'East Loismouth', 'United Arab Emirates', '2017-03-30 22:28:27', '2012-02-27 18:21:09');
INSERT INTO `profiles` (`user_id`, `gender`, `birthday`, `city`, `country`, `created_at`, `updated_at`) VALUES (74, 'm', '2009-04-08', 'East Nick', 'Canada', '2019-10-02 05:02:09', '2012-04-22 07:18:28');
INSERT INTO `profiles` (`user_id`, `gender`, `birthday`, `city`, `country`, `created_at`, `updated_at`) VALUES (75, 'w', '1973-01-28', 'West Magnusfort', 'Argentina', '2012-01-03 20:04:44', '2019-03-27 11:31:02');
INSERT INTO `profiles` (`user_id`, `gender`, `birthday`, `city`, `country`, `created_at`, `updated_at`) VALUES (76, 'm', '1971-01-28', 'Orphaton', 'Canada', '2016-07-14 19:19:34', '2015-02-16 23:20:30');
INSERT INTO `profiles` (`user_id`, `gender`, `birthday`, `city`, `country`, `created_at`, `updated_at`) VALUES (77, 'w', '1993-02-15', 'Port Enidshire', 'Angola', '2019-06-03 07:27:26', '2015-12-25 11:59:01');
INSERT INTO `profiles` (`user_id`, `gender`, `birthday`, `city`, `country`, `created_at`, `updated_at`) VALUES (78, 'w', '1972-06-06', 'New Beatrice', 'Cape Verde', '2019-02-20 05:53:39', '2012-10-24 20:50:27');
INSERT INTO `profiles` (`user_id`, `gender`, `birthday`, `city`, `country`, `created_at`, `updated_at`) VALUES (79, 'w', '2006-11-13', 'East Lennaview', 'Netherlands', '2014-06-10 00:16:19', '2015-03-09 19:58:51');
INSERT INTO `profiles` (`user_id`, `gender`, `birthday`, `city`, `country`, `created_at`, `updated_at`) VALUES (80, 'm', '2005-12-28', 'Stiedemannbury', 'Saint Pierre and Miquelon', '2011-05-27 16:44:56', '2014-09-22 23:14:08');
INSERT INTO `profiles` (`user_id`, `gender`, `birthday`, `city`, `country`, `created_at`, `updated_at`) VALUES (81, 'w', '2004-03-15', 'Port Garretthaven', 'Mayotte', '2015-03-26 22:13:07', '2019-05-12 18:40:14');
INSERT INTO `profiles` (`user_id`, `gender`, `birthday`, `city`, `country`, `created_at`, `updated_at`) VALUES (82, 'w', '2012-04-14', 'West Faustoberg', 'Liberia', '2016-12-12 21:28:22', '2020-02-22 01:08:32');
INSERT INTO `profiles` (`user_id`, `gender`, `birthday`, `city`, `country`, `created_at`, `updated_at`) VALUES (83, 'm', '2001-06-05', 'Watersstad', 'Greenland', '2016-09-09 15:30:17', '2015-09-01 17:10:59');
INSERT INTO `profiles` (`user_id`, `gender`, `birthday`, `city`, `country`, `created_at`, `updated_at`) VALUES (84, 'm', '2016-05-11', 'Heidenreichside', 'Finland', '2014-04-16 02:15:24', '2015-05-28 23:37:58');
INSERT INTO `profiles` (`user_id`, `gender`, `birthday`, `city`, `country`, `created_at`, `updated_at`) VALUES (85, 'm', '1982-02-28', 'Vandervortland', 'Dominica', '2010-05-12 17:10:29', '2010-07-09 22:03:07');
INSERT INTO `profiles` (`user_id`, `gender`, `birthday`, `city`, `country`, `created_at`, `updated_at`) VALUES (86, 'w', '1989-09-16', 'East Vickyport', 'Zambia', '2019-03-11 03:47:24', '2015-02-01 17:29:16');
INSERT INTO `profiles` (`user_id`, `gender`, `birthday`, `city`, `country`, `created_at`, `updated_at`) VALUES (87, 'w', '1997-06-21', 'New Lexusfurt', 'Malawi', '2019-07-08 07:33:30', '2010-07-14 05:06:36');
INSERT INTO `profiles` (`user_id`, `gender`, `birthday`, `city`, `country`, `created_at`, `updated_at`) VALUES (88, 'm', '1973-12-31', 'North Generalfurt', 'Comoros', '2013-06-10 03:58:00', '2014-03-11 07:29:59');
INSERT INTO `profiles` (`user_id`, `gender`, `birthday`, `city`, `country`, `created_at`, `updated_at`) VALUES (89, 'm', '1987-11-21', 'Wolfstad', 'Samoa', '2012-11-15 09:00:38', '2012-08-21 08:31:36');
INSERT INTO `profiles` (`user_id`, `gender`, `birthday`, `city`, `country`, `created_at`, `updated_at`) VALUES (90, 'w', '2009-10-03', 'Elouiseside', 'Montenegro', '2019-02-07 20:03:03', '2010-12-30 18:02:43');
INSERT INTO `profiles` (`user_id`, `gender`, `birthday`, `city`, `country`, `created_at`, `updated_at`) VALUES (91, 'w', '1975-10-11', 'Adamsshire', 'Greenland', '2011-01-14 16:16:09', '2018-10-22 18:40:22');
INSERT INTO `profiles` (`user_id`, `gender`, `birthday`, `city`, `country`, `created_at`, `updated_at`) VALUES (92, 'm', '1991-05-03', 'South Horacechester', 'Mexico', '2012-07-01 00:13:22', '2018-06-26 10:16:56');
INSERT INTO `profiles` (`user_id`, `gender`, `birthday`, `city`, `country`, `created_at`, `updated_at`) VALUES (93, 'm', '1980-06-16', 'O\'Connellview', 'Saint Kitts and Nevis', '2012-09-08 23:28:12', '2010-07-28 05:37:07');
INSERT INTO `profiles` (`user_id`, `gender`, `birthday`, `city`, `country`, `created_at`, `updated_at`) VALUES (94, 'm', '2011-10-21', 'Wilmaberg', 'Belize', '2012-10-11 12:52:11', '2019-08-17 08:41:58');
INSERT INTO `profiles` (`user_id`, `gender`, `birthday`, `city`, `country`, `created_at`, `updated_at`) VALUES (95, 'w', '2002-11-01', 'Kingberg', 'Mali', '2011-04-18 07:48:17', '2019-01-05 03:09:28');
INSERT INTO `profiles` (`user_id`, `gender`, `birthday`, `city`, `country`, `created_at`, `updated_at`) VALUES (96, 'w', '2012-01-03', 'Port Arnold', 'Colombia', '2017-09-24 00:25:14', '2017-08-19 06:04:23');
INSERT INTO `profiles` (`user_id`, `gender`, `birthday`, `city`, `country`, `created_at`, `updated_at`) VALUES (97, 'w', '1989-01-15', 'D\'Amoremouth', 'Palau', '2011-08-02 10:07:31', '2016-09-21 07:26:38');
INSERT INTO `profiles` (`user_id`, `gender`, `birthday`, `city`, `country`, `created_at`, `updated_at`) VALUES (98, 'w', '1982-11-14', 'West Scottyborough', 'Zimbabwe', '2019-05-29 22:10:02', '2019-05-20 22:06:53');
INSERT INTO `profiles` (`user_id`, `gender`, `birthday`, `city`, `country`, `created_at`, `updated_at`) VALUES (99, 'm', '2002-03-26', 'Thaliaton', 'Grenada', '2017-04-18 20:16:20', '2017-06-15 12:58:43');
INSERT INTO `profiles` (`user_id`, `gender`, `birthday`, `city`, `country`, `created_at`, `updated_at`) VALUES (100, 'w', '1999-02-23', 'Jaedenshire', 'Tokelau', '2019-03-09 18:19:23', '2014-05-18 03:10:14');


#
# TABLE STRUCTURE FOR: users
#

DROP TABLE IF EXISTS `users`;

CREATE TABLE `users` (
  `id` int(10) unsigned NOT NULL AUTO_INCREMENT,
  `first_name` varchar(100) COLLATE utf8_unicode_ci NOT NULL,
  `last_name` varchar(100) COLLATE utf8_unicode_ci NOT NULL,
  `email` varchar(100) COLLATE utf8_unicode_ci NOT NULL,
  `phone` varchar(100) COLLATE utf8_unicode_ci NOT NULL,
  `created_at` datetime DEFAULT current_timestamp(),
  `updated_at` datetime DEFAULT current_timestamp() ON UPDATE current_timestamp(),
  PRIMARY KEY (`id`),
  UNIQUE KEY `email` (`email`),
  UNIQUE KEY `phone` (`phone`)
) ENGINE=InnoDB AUTO_INCREMENT=101 DEFAULT CHARSET=utf8 COLLATE=utf8_unicode_ci;

INSERT INTO `users` (`id`, `first_name`, `last_name`, `email`, `phone`, `created_at`, `updated_at`) VALUES (1, 'Camryn', 'Emmerich', 'langworth.aryanna@example.net', '1-213-606-9691', '2016-10-10 07:08:21', '2018-02-06 08:44:31');
INSERT INTO `users` (`id`, `first_name`, `last_name`, `email`, `phone`, `created_at`, `updated_at`) VALUES (2, 'Bonita', 'Willms', 'josefina.nicolas@example.org', '1-057-772-2385', '2015-01-09 15:54:12', '2013-07-02 19:10:02');
INSERT INTO `users` (`id`, `first_name`, `last_name`, `email`, `phone`, `created_at`, `updated_at`) VALUES (3, 'Chadd', 'Torp', 'schuppe.chloe@example.org', '303.048.0076x5251', '2018-08-21 14:38:35', '2012-11-16 01:18:23');
INSERT INTO `users` (`id`, `first_name`, `last_name`, `email`, `phone`, `created_at`, `updated_at`) VALUES (4, 'Caleigh', 'Strosin', 'connor15@example.com', '1-511-898-1358x11337', '2013-05-03 22:43:02', '2012-07-31 02:57:30');
INSERT INTO `users` (`id`, `first_name`, `last_name`, `email`, `phone`, `created_at`, `updated_at`) VALUES (5, 'Quinn', 'Kling', 'buckridge.titus@example.org', '218.925.4309', '2015-12-25 06:53:23', '2019-05-13 07:24:38');
INSERT INTO `users` (`id`, `first_name`, `last_name`, `email`, `phone`, `created_at`, `updated_at`) VALUES (6, 'Elza', 'McKenzie', 'gregg.reichert@example.com', '1-352-850-6838x48147', '2018-11-28 23:14:43', '2018-05-05 02:57:24');
INSERT INTO `users` (`id`, `first_name`, `last_name`, `email`, `phone`, `created_at`, `updated_at`) VALUES (7, 'Shania', 'Koss', 'emil.crist@example.net', '00069823760', '2019-07-17 03:23:03', '2015-06-02 12:56:45');
INSERT INTO `users` (`id`, `first_name`, `last_name`, `email`, `phone`, `created_at`, `updated_at`) VALUES (8, 'Maurice', 'Reichert', 'rhoda07@example.org', '422.043.8944', '2012-11-08 00:52:19', '2015-02-08 03:13:13');
INSERT INTO `users` (`id`, `first_name`, `last_name`, `email`, `phone`, `created_at`, `updated_at`) VALUES (9, 'Pansy', 'Rau', 'rollin.bergnaum@example.net', '(904)153-7673x47729', '2017-10-12 19:31:34', '2014-06-06 23:14:30');
INSERT INTO `users` (`id`, `first_name`, `last_name`, `email`, `phone`, `created_at`, `updated_at`) VALUES (10, 'Jamel', 'Kub', 'antonette.sanford@example.net', '(079)107-6757x532', '2012-02-13 06:14:56', '2012-08-31 17:57:19');
INSERT INTO `users` (`id`, `first_name`, `last_name`, `email`, `phone`, `created_at`, `updated_at`) VALUES (11, 'Miles', 'Hayes', 'cyrus12@example.com', '04127564667', '2018-12-18 02:11:33', '2016-08-01 08:47:08');
INSERT INTO `users` (`id`, `first_name`, `last_name`, `email`, `phone`, `created_at`, `updated_at`) VALUES (12, 'Merle', 'Romaguera', 'jarvis.stark@example.org', '(485)623-5420x27185', '2014-10-25 18:15:57', '2014-07-15 03:58:19');
INSERT INTO `users` (`id`, `first_name`, `last_name`, `email`, `phone`, `created_at`, `updated_at`) VALUES (13, 'Johathan', 'Harris', 'wprice@example.com', '133-587-2232', '2013-03-30 05:27:04', '2018-03-26 11:19:22');
INSERT INTO `users` (`id`, `first_name`, `last_name`, `email`, `phone`, `created_at`, `updated_at`) VALUES (14, 'Royal', 'Breitenberg', 'ylegros@example.com', '725-445-5589', '2014-12-23 02:51:34', '2016-08-28 14:27:00');
INSERT INTO `users` (`id`, `first_name`, `last_name`, `email`, `phone`, `created_at`, `updated_at`) VALUES (15, 'Eleanore', 'Labadie', 'jules02@example.org', '840.709.3803x59709', '2015-11-30 05:02:33', '2016-04-01 23:48:05');
INSERT INTO `users` (`id`, `first_name`, `last_name`, `email`, `phone`, `created_at`, `updated_at`) VALUES (16, 'Colin', 'Carter', 'marie.kuphal@example.net', '409-278-4193', '2018-12-16 09:22:38', '2019-11-12 21:28:34');
INSERT INTO `users` (`id`, `first_name`, `last_name`, `email`, `phone`, `created_at`, `updated_at`) VALUES (17, 'Haylie', 'Hagenes', 'kiara83@example.org', '+20(4)0207365824', '2013-01-16 16:39:37', '2011-06-26 08:11:17');
INSERT INTO `users` (`id`, `first_name`, `last_name`, `email`, `phone`, `created_at`, `updated_at`) VALUES (18, 'Glenda', 'Treutel', 'dschneider@example.com', '1-301-887-5313', '2018-02-21 04:39:27', '2015-12-10 07:16:59');
INSERT INTO `users` (`id`, `first_name`, `last_name`, `email`, `phone`, `created_at`, `updated_at`) VALUES (19, 'Jensen', 'Feil', 'nlind@example.com', '043.695.6023', '2014-10-22 00:47:33', '2011-06-01 03:17:05');
INSERT INTO `users` (`id`, `first_name`, `last_name`, `email`, `phone`, `created_at`, `updated_at`) VALUES (20, 'Addie', 'Leffler', 'haylie43@example.org', '1-327-960-7535x42013', '2012-02-29 00:06:24', '2013-08-06 12:41:57');
INSERT INTO `users` (`id`, `first_name`, `last_name`, `email`, `phone`, `created_at`, `updated_at`) VALUES (21, 'Katrine', 'Stanton', 'jeffry.kovacek@example.net', '451.010.2504x99072', '2010-05-14 19:39:23', '2012-05-13 19:07:29');
INSERT INTO `users` (`id`, `first_name`, `last_name`, `email`, `phone`, `created_at`, `updated_at`) VALUES (22, 'Austin', 'Kemmer', 'rippin.fleta@example.org', '+82(2)9607107277', '2010-09-21 02:07:27', '2011-01-12 12:29:05');
INSERT INTO `users` (`id`, `first_name`, `last_name`, `email`, `phone`, `created_at`, `updated_at`) VALUES (23, 'Peter', 'Kohler', 'leann17@example.org', '750.322.8893', '2016-06-17 19:55:53', '2010-05-24 19:29:31');
INSERT INTO `users` (`id`, `first_name`, `last_name`, `email`, `phone`, `created_at`, `updated_at`) VALUES (24, 'London', 'Gerlach', 'awiegand@example.org', '09133102184', '2015-06-09 17:43:09', '2010-08-31 03:54:07');
INSERT INTO `users` (`id`, `first_name`, `last_name`, `email`, `phone`, `created_at`, `updated_at`) VALUES (25, 'Emmy', 'Beer', 'cruickshank.duane@example.net', '(885)136-1784x19043', '2014-10-10 09:54:08', '2019-02-18 17:04:54');
INSERT INTO `users` (`id`, `first_name`, `last_name`, `email`, `phone`, `created_at`, `updated_at`) VALUES (26, 'Karlee', 'Macejkovic', 'mwolf@example.org', '485.387.3598', '2019-04-22 22:52:26', '2015-07-29 21:27:27');
INSERT INTO `users` (`id`, `first_name`, `last_name`, `email`, `phone`, `created_at`, `updated_at`) VALUES (27, 'Ashton', 'Kuhlman', 'vance40@example.com', '430.863.9097x08614', '2019-02-11 22:22:23', '2010-11-04 10:45:00');
INSERT INTO `users` (`id`, `first_name`, `last_name`, `email`, `phone`, `created_at`, `updated_at`) VALUES (28, 'Major', 'VonRueden', 'lwuckert@example.net', '811-173-7722x255', '2018-03-13 09:43:57', '2019-11-17 20:11:39');
INSERT INTO `users` (`id`, `first_name`, `last_name`, `email`, `phone`, `created_at`, `updated_at`) VALUES (29, 'Marietta', 'Schoen', 'delphine.osinski@example.com', '224.527.3872x586', '2014-11-02 20:33:22', '2010-09-01 19:34:19');
INSERT INTO `users` (`id`, `first_name`, `last_name`, `email`, `phone`, `created_at`, `updated_at`) VALUES (30, 'Hobart', 'Shields', 'hilbert22@example.com', '1-854-135-9415', '2012-10-10 13:56:51', '2013-05-12 10:23:02');
INSERT INTO `users` (`id`, `first_name`, `last_name`, `email`, `phone`, `created_at`, `updated_at`) VALUES (31, 'Delfina', 'McLaughlin', 'jast.sadye@example.org', '138-355-4356', '2012-10-12 17:06:12', '2017-08-08 04:02:32');
INSERT INTO `users` (`id`, `first_name`, `last_name`, `email`, `phone`, `created_at`, `updated_at`) VALUES (32, 'Christy', 'Barrows', 'will.shyann@example.org', '518-215-5771x373', '2012-02-27 20:48:12', '2019-08-25 08:40:19');
INSERT INTO `users` (`id`, `first_name`, `last_name`, `email`, `phone`, `created_at`, `updated_at`) VALUES (33, 'Vaughn', 'Hackett', 'pspinka@example.net', '991-732-6415', '2012-12-18 01:40:38', '2017-09-11 07:49:12');
INSERT INTO `users` (`id`, `first_name`, `last_name`, `email`, `phone`, `created_at`, `updated_at`) VALUES (34, 'Weston', 'Quitzon', 'green.elaina@example.org', '1-420-835-6412x459', '2014-11-09 16:05:38', '2013-05-25 09:41:50');
INSERT INTO `users` (`id`, `first_name`, `last_name`, `email`, `phone`, `created_at`, `updated_at`) VALUES (35, 'Cade', 'Sipes', 'arnaldo.moen@example.net', '043-943-9158', '2015-07-23 06:48:52', '2015-11-14 06:52:15');
INSERT INTO `users` (`id`, `first_name`, `last_name`, `email`, `phone`, `created_at`, `updated_at`) VALUES (36, 'Devyn', 'Eichmann', 'omurray@example.net', '1-678-376-0928x44863', '2012-11-07 16:01:16', '2017-09-21 12:46:31');
INSERT INTO `users` (`id`, `first_name`, `last_name`, `email`, `phone`, `created_at`, `updated_at`) VALUES (37, 'Alfred', 'Macejkovic', 'winfield67@example.com', '818.603.0961x5756', '2014-10-14 13:00:14', '2020-03-18 11:15:35');
INSERT INTO `users` (`id`, `first_name`, `last_name`, `email`, `phone`, `created_at`, `updated_at`) VALUES (38, 'Collin', 'Gutkowski', 'hkunde@example.net', '914-629-3519x207', '2010-11-03 12:15:01', '2014-02-16 17:20:56');
INSERT INTO `users` (`id`, `first_name`, `last_name`, `email`, `phone`, `created_at`, `updated_at`) VALUES (39, 'Juston', 'Jacobson', 'pablo.nitzsche@example.org', '1-268-309-5634', '2011-01-05 01:42:39', '2014-01-24 21:14:43');
INSERT INTO `users` (`id`, `first_name`, `last_name`, `email`, `phone`, `created_at`, `updated_at`) VALUES (40, 'Bell', 'Huels', 'lowe.viva@example.net', '157.997.6041', '2017-12-16 23:40:28', '2016-01-12 21:55:55');
INSERT INTO `users` (`id`, `first_name`, `last_name`, `email`, `phone`, `created_at`, `updated_at`) VALUES (41, 'Javier', 'Cole', 'wunsch.dortha@example.org', '1-009-114-1505', '2018-12-21 05:00:53', '2013-10-09 17:41:13');
INSERT INTO `users` (`id`, `first_name`, `last_name`, `email`, `phone`, `created_at`, `updated_at`) VALUES (42, 'River', 'Hagenes', 'clay.kessler@example.com', '00719271719', '2014-05-17 06:04:41', '2014-11-04 10:58:51');
INSERT INTO `users` (`id`, `first_name`, `last_name`, `email`, `phone`, `created_at`, `updated_at`) VALUES (43, 'Pink', 'Schuppe', 'adella11@example.org', '081.487.6134', '2017-09-11 23:42:40', '2017-06-06 15:17:05');
INSERT INTO `users` (`id`, `first_name`, `last_name`, `email`, `phone`, `created_at`, `updated_at`) VALUES (44, 'Jedidiah', 'Senger', 'upton.noemi@example.com', '1-631-407-6004', '2014-02-02 12:09:58', '2013-09-03 13:44:57');
INSERT INTO `users` (`id`, `first_name`, `last_name`, `email`, `phone`, `created_at`, `updated_at`) VALUES (45, 'Jermey', 'Simonis', 'una61@example.org', '(285)842-6966', '2010-06-09 23:14:50', '2019-03-15 20:58:16');
INSERT INTO `users` (`id`, `first_name`, `last_name`, `email`, `phone`, `created_at`, `updated_at`) VALUES (46, 'Amparo', 'Boehm', 'asia02@example.com', '022-991-3838', '2018-12-14 16:07:43', '2011-03-26 20:33:25');
INSERT INTO `users` (`id`, `first_name`, `last_name`, `email`, `phone`, `created_at`, `updated_at`) VALUES (47, 'Angus', 'Armstrong', 'deanna41@example.net', '00838585053', '2018-05-18 23:19:14', '2012-07-23 19:07:27');
INSERT INTO `users` (`id`, `first_name`, `last_name`, `email`, `phone`, `created_at`, `updated_at`) VALUES (48, 'Emilia', 'Mohr', 'litzy.willms@example.com', '024-580-5198', '2018-06-11 14:18:51', '2019-06-19 19:13:15');
INSERT INTO `users` (`id`, `first_name`, `last_name`, `email`, `phone`, `created_at`, `updated_at`) VALUES (49, 'Aniya', 'Bayer', 'vance.green@example.net', '1-774-564-2628x05089', '2013-12-14 16:41:48', '2010-11-03 17:40:25');
INSERT INTO `users` (`id`, `first_name`, `last_name`, `email`, `phone`, `created_at`, `updated_at`) VALUES (50, 'Tate', 'Ledner', 'libby.braun@example.com', '588-848-7146x84946', '2018-06-26 22:11:32', '2014-12-03 01:15:21');
INSERT INTO `users` (`id`, `first_name`, `last_name`, `email`, `phone`, `created_at`, `updated_at`) VALUES (51, 'Asia', 'Schmeler', 'lynn.schaden@example.com', '(664)837-1086x33100', '2010-11-29 18:04:22', '2015-08-12 16:34:33');
INSERT INTO `users` (`id`, `first_name`, `last_name`, `email`, `phone`, `created_at`, `updated_at`) VALUES (52, 'Abbie', 'Ortiz', 'dorn@example.com', '1-557-324-7754', '2010-09-24 13:16:56', '2010-07-01 14:10:12');
INSERT INTO `users` (`id`, `first_name`, `last_name`, `email`, `phone`, `created_at`, `updated_at`) VALUES (53, 'Therese', 'Fadel', 'beatty.anika@example.com', '1-097-480-0502x20615', '2018-10-04 08:29:43', '2012-05-30 19:54:50');
INSERT INTO `users` (`id`, `first_name`, `last_name`, `email`, `phone`, `created_at`, `updated_at`) VALUES (54, 'Wilhelm', 'Hodkiewicz', 'farrell.mazie@example.org', '822.718.0510', '2011-11-07 06:27:48', '2020-03-24 12:25:40');
INSERT INTO `users` (`id`, `first_name`, `last_name`, `email`, `phone`, `created_at`, `updated_at`) VALUES (55, 'Wilhelm', 'Weissnat', 'shane75@example.com', '1-276-723-3015x6238', '2013-03-25 15:32:30', '2011-11-09 05:30:12');
INSERT INTO `users` (`id`, `first_name`, `last_name`, `email`, `phone`, `created_at`, `updated_at`) VALUES (56, 'Owen', 'Klein', 'makayla.haley@example.org', '(996)679-4124x79886', '2019-03-09 01:47:36', '2010-12-26 21:31:49');
INSERT INTO `users` (`id`, `first_name`, `last_name`, `email`, `phone`, `created_at`, `updated_at`) VALUES (57, 'Abby', 'Stokes', 'violette.schulist@example.net', '832.427.0803x885', '2013-11-19 16:40:04', '2011-10-08 03:08:07');
INSERT INTO `users` (`id`, `first_name`, `last_name`, `email`, `phone`, `created_at`, `updated_at`) VALUES (58, 'Meda', 'Hansen', 'brown.dolores@example.net', '(790)029-4073x18158', '2016-01-31 07:54:43', '2019-03-06 08:34:08');
INSERT INTO `users` (`id`, `first_name`, `last_name`, `email`, `phone`, `created_at`, `updated_at`) VALUES (59, 'Addie', 'Schuppe', 'yhammes@example.com', '1-511-851-6679', '2014-03-26 18:28:29', '2010-06-06 03:16:32');
INSERT INTO `users` (`id`, `first_name`, `last_name`, `email`, `phone`, `created_at`, `updated_at`) VALUES (60, 'Nelle', 'Hand', 'eparker@example.org', '602-437-9814', '2017-07-25 12:14:51', '2019-10-24 14:59:42');
INSERT INTO `users` (`id`, `first_name`, `last_name`, `email`, `phone`, `created_at`, `updated_at`) VALUES (61, 'Estelle', 'Walker', 'ike00@example.org', '1-952-068-2202', '2013-02-21 20:27:43', '2012-02-05 05:44:59');
INSERT INTO `users` (`id`, `first_name`, `last_name`, `email`, `phone`, `created_at`, `updated_at`) VALUES (62, 'Jerrell', 'Dickens', 'xherman@example.org', '235.304.8904', '2014-01-22 17:06:17', '2013-04-02 10:28:54');
INSERT INTO `users` (`id`, `first_name`, `last_name`, `email`, `phone`, `created_at`, `updated_at`) VALUES (63, 'Vada', 'Yundt', 'jerrold.wyman@example.org', '1-946-225-8257', '2011-02-09 06:24:53', '2015-05-23 01:31:31');
INSERT INTO `users` (`id`, `first_name`, `last_name`, `email`, `phone`, `created_at`, `updated_at`) VALUES (64, 'Jamir', 'Fritsch', 'wuckert.levi@example.net', '07580232097', '2010-11-23 13:20:51', '2013-04-30 00:15:04');
INSERT INTO `users` (`id`, `first_name`, `last_name`, `email`, `phone`, `created_at`, `updated_at`) VALUES (65, 'Berenice', 'Schuppe', 'haley20@example.org', '1-750-447-2977', '2011-09-19 00:16:15', '2019-03-16 14:37:19');
INSERT INTO `users` (`id`, `first_name`, `last_name`, `email`, `phone`, `created_at`, `updated_at`) VALUES (66, 'Aimee', 'Hilpert', 'garrett.altenwerth@example.org', '1-233-566-8702x1985', '2019-02-20 03:07:18', '2012-08-22 16:19:48');
INSERT INTO `users` (`id`, `first_name`, `last_name`, `email`, `phone`, `created_at`, `updated_at`) VALUES (67, 'Chelsea', 'King', 'kenny98@example.com', '(651)722-2095x26510', '2015-03-01 21:24:42', '2018-01-19 09:31:54');
INSERT INTO `users` (`id`, `first_name`, `last_name`, `email`, `phone`, `created_at`, `updated_at`) VALUES (68, 'Elbert', 'Schneider', 'jarvis03@example.net', '06645360268', '2014-03-19 00:59:06', '2016-04-20 03:49:42');
INSERT INTO `users` (`id`, `first_name`, `last_name`, `email`, `phone`, `created_at`, `updated_at`) VALUES (69, 'Corbin', 'Romaguera', 'hstanton@example.org', '1-745-954-1838', '2010-06-29 12:34:43', '2018-03-07 03:33:13');
INSERT INTO `users` (`id`, `first_name`, `last_name`, `email`, `phone`, `created_at`, `updated_at`) VALUES (70, 'Jeffrey', 'Quigley', 'laverna05@example.com', '726-255-5895', '2016-06-21 12:17:34', '2020-02-29 20:37:16');
INSERT INTO `users` (`id`, `first_name`, `last_name`, `email`, `phone`, `created_at`, `updated_at`) VALUES (71, 'Karine', 'Swift', 'adella.gutmann@example.net', '1-674-575-0067', '2013-01-07 12:29:09', '2019-10-12 20:27:53');
INSERT INTO `users` (`id`, `first_name`, `last_name`, `email`, `phone`, `created_at`, `updated_at`) VALUES (72, 'Carolyn', 'Koelpin', 'mariela22@example.org', '1-964-014-0844', '2012-11-14 14:46:44', '2015-05-29 03:52:23');
INSERT INTO `users` (`id`, `first_name`, `last_name`, `email`, `phone`, `created_at`, `updated_at`) VALUES (73, 'Verda', 'Hilll', 'kitty69@example.net', '1-142-738-9816x76000', '2010-05-05 12:24:33', '2020-03-14 22:40:18');
INSERT INTO `users` (`id`, `first_name`, `last_name`, `email`, `phone`, `created_at`, `updated_at`) VALUES (74, 'Kurt', 'Haag', 'o\'conner.clementine@example.org', '1-316-014-0019x362', '2017-05-25 07:03:03', '2016-07-08 14:24:17');
INSERT INTO `users` (`id`, `first_name`, `last_name`, `email`, `phone`, `created_at`, `updated_at`) VALUES (75, 'Camilla', 'Swaniawski', 'osenger@example.net', '(327)811-8673', '2012-04-17 11:56:55', '2010-07-20 05:44:21');
INSERT INTO `users` (`id`, `first_name`, `last_name`, `email`, `phone`, `created_at`, `updated_at`) VALUES (76, 'Kavon', 'Halvorson', 'king.tessie@example.net', '(439)932-7861x8895', '2015-02-02 05:36:57', '2020-02-15 19:44:43');
INSERT INTO `users` (`id`, `first_name`, `last_name`, `email`, `phone`, `created_at`, `updated_at`) VALUES (77, 'Reina', 'Tromp', 'burnice57@example.net', '(552)544-5450', '2017-03-03 02:20:42', '2012-02-08 19:27:54');
INSERT INTO `users` (`id`, `first_name`, `last_name`, `email`, `phone`, `created_at`, `updated_at`) VALUES (78, 'Brenden', 'Jakubowski', 'xfarrell@example.com', '+43(2)1418933533', '2019-10-11 04:20:29', '2011-01-17 19:18:05');
INSERT INTO `users` (`id`, `first_name`, `last_name`, `email`, `phone`, `created_at`, `updated_at`) VALUES (79, 'Demetris', 'O\'Kon', 'rhamill@example.com', '932.948.1602', '2012-04-09 07:08:36', '2014-10-25 22:28:00');
INSERT INTO `users` (`id`, `first_name`, `last_name`, `email`, `phone`, `created_at`, `updated_at`) VALUES (80, 'Florence', 'Heller', 'lmorissette@example.org', '503.630.9236x317', '2013-02-02 01:17:21', '2019-08-02 07:45:23');
INSERT INTO `users` (`id`, `first_name`, `last_name`, `email`, `phone`, `created_at`, `updated_at`) VALUES (81, 'Doyle', 'Buckridge', 'nwatsica@example.org', '(003)237-1575x65523', '2018-01-18 04:37:03', '2012-09-12 06:24:20');
INSERT INTO `users` (`id`, `first_name`, `last_name`, `email`, `phone`, `created_at`, `updated_at`) VALUES (82, 'Francesco', 'Larkin', 'qskiles@example.org', '(493)963-4513x4115', '2019-04-16 00:17:52', '2012-02-25 17:52:21');
INSERT INTO `users` (`id`, `first_name`, `last_name`, `email`, `phone`, `created_at`, `updated_at`) VALUES (83, 'Anais', 'Crona', 'annabelle.cronin@example.org', '(559)349-6879x58035', '2018-07-15 04:35:19', '2011-01-28 19:24:40');
INSERT INTO `users` (`id`, `first_name`, `last_name`, `email`, `phone`, `created_at`, `updated_at`) VALUES (84, 'Earline', 'Bahringer', 'ublock@example.com', '740.424.4017', '2010-11-02 12:12:36', '2014-05-17 16:44:04');
INSERT INTO `users` (`id`, `first_name`, `last_name`, `email`, `phone`, `created_at`, `updated_at`) VALUES (85, 'Rowena', 'Bergstrom', 'fharber@example.net', '(663)818-6033x8969', '2018-02-21 06:42:52', '2014-03-28 10:11:04');
INSERT INTO `users` (`id`, `first_name`, `last_name`, `email`, `phone`, `created_at`, `updated_at`) VALUES (86, 'Joany', 'Schoen', 'dooley.isac@example.org', '07348927375', '2012-06-21 17:54:40', '2010-10-09 00:09:02');
INSERT INTO `users` (`id`, `first_name`, `last_name`, `email`, `phone`, `created_at`, `updated_at`) VALUES (87, 'Izaiah', 'Hammes', 'stamm.shea@example.com', '980-248-6520x2198', '2014-08-25 13:18:00', '2014-08-20 18:41:29');
INSERT INTO `users` (`id`, `first_name`, `last_name`, `email`, `phone`, `created_at`, `updated_at`) VALUES (88, 'Malinda', 'Hudson', 'chet39@example.org', '07920502985', '2010-10-09 23:56:31', '2017-05-13 17:18:05');
INSERT INTO `users` (`id`, `first_name`, `last_name`, `email`, `phone`, `created_at`, `updated_at`) VALUES (89, 'Ara', 'Rogahn', 'clittel@example.net', '(664)174-0913', '2010-06-18 18:50:10', '2016-09-06 12:29:19');
INSERT INTO `users` (`id`, `first_name`, `last_name`, `email`, `phone`, `created_at`, `updated_at`) VALUES (90, 'Ruby', 'Purdy', 'ernie.ziemann@example.com', '366-976-1373', '2012-06-04 00:13:12', '2019-12-27 12:19:57');
INSERT INTO `users` (`id`, `first_name`, `last_name`, `email`, `phone`, `created_at`, `updated_at`) VALUES (91, 'Monty', 'Dibbert', 'fcole@example.com', '(937)411-6686x36758', '2013-12-16 20:59:29', '2013-06-13 19:19:31');
INSERT INTO `users` (`id`, `first_name`, `last_name`, `email`, `phone`, `created_at`, `updated_at`) VALUES (92, 'Niko', 'Block', 'rupert.powlowski@example.org', '099.500.2573', '2015-03-04 06:11:57', '2016-06-11 18:19:24');
INSERT INTO `users` (`id`, `first_name`, `last_name`, `email`, `phone`, `created_at`, `updated_at`) VALUES (93, 'Thalia', 'Leuschke', 'haley.jamal@example.org', '242-853-7848x34915', '2019-05-20 04:56:11', '2014-06-11 21:44:01');
INSERT INTO `users` (`id`, `first_name`, `last_name`, `email`, `phone`, `created_at`, `updated_at`) VALUES (94, 'Al', 'Price', 'uberge@example.net', '+21(0)3532573674', '2016-06-19 07:27:49', '2014-08-10 18:47:44');
INSERT INTO `users` (`id`, `first_name`, `last_name`, `email`, `phone`, `created_at`, `updated_at`) VALUES (95, 'Hilton', 'Hartmann', 'suzanne17@example.org', '(867)692-8300x00205', '2015-03-11 13:00:18', '2012-08-05 02:27:27');
INSERT INTO `users` (`id`, `first_name`, `last_name`, `email`, `phone`, `created_at`, `updated_at`) VALUES (96, 'Josefa', 'VonRueden', 'bennie47@example.com', '1-403-057-7322', '2020-02-04 07:05:55', '2015-08-25 11:41:03');
INSERT INTO `users` (`id`, `first_name`, `last_name`, `email`, `phone`, `created_at`, `updated_at`) VALUES (97, 'Benny', 'Walter', 'khowell@example.net', '1-361-667-3618x389', '2010-07-02 14:10:12', '2017-12-26 07:54:23');
INSERT INTO `users` (`id`, `first_name`, `last_name`, `email`, `phone`, `created_at`, `updated_at`) VALUES (98, 'Norma', 'Bartell', 'vladimir.raynor@example.com', '(012)015-4521', '2012-12-11 18:32:41', '2018-09-23 01:45:59');
INSERT INTO `users` (`id`, `first_name`, `last_name`, `email`, `phone`, `created_at`, `updated_at`) VALUES (99, 'Manuela', 'Lind', 'llewellyn.quigley@example.net', '1-461-533-2253x3770', '2016-01-06 01:11:14', '2016-06-23 06:42:47');
INSERT INTO `users` (`id`, `first_name`, `last_name`, `email`, `phone`, `created_at`, `updated_at`) VALUES (100, 'Kathlyn', 'Hudson', 'swaniawski.cristal@example.org', '+51(9)7865026750', '2018-11-23 03:32:21', '2019-07-10 14:23:42');


