-- MySQL dump 10.13  Distrib 8.0.20, for Linux (x86_64)
--
-- Host: localhost    Database: vk
-- ------------------------------------------------------
-- Server version	8.0.20

/*!40101 SET @OLD_CHARACTER_SET_CLIENT=@@CHARACTER_SET_CLIENT */;
/*!40101 SET @OLD_CHARACTER_SET_RESULTS=@@CHARACTER_SET_RESULTS */;
/*!40101 SET @OLD_COLLATION_CONNECTION=@@COLLATION_CONNECTION */;
/*!50503 SET NAMES utf8mb4 */;
/*!40103 SET @OLD_TIME_ZONE=@@TIME_ZONE */;
/*!40103 SET TIME_ZONE='+00:00' */;
/*!40014 SET @OLD_UNIQUE_CHECKS=@@UNIQUE_CHECKS, UNIQUE_CHECKS=0 */;
/*!40014 SET @OLD_FOREIGN_KEY_CHECKS=@@FOREIGN_KEY_CHECKS, FOREIGN_KEY_CHECKS=0 */;
/*!40101 SET @OLD_SQL_MODE=@@SQL_MODE, SQL_MODE='NO_AUTO_VALUE_ON_ZERO' */;
/*!40111 SET @OLD_SQL_NOTES=@@SQL_NOTES, SQL_NOTES=0 */;

--
-- Table structure for table `communities`
--

DROP TABLE IF EXISTS `communities`;
/*!40101 SET @saved_cs_client     = @@character_set_client */;
/*!50503 SET character_set_client = utf8mb4 */;
CREATE TABLE `communities` (
  `id` int unsigned NOT NULL AUTO_INCREMENT,
  `name` varchar(150) CHARACTER SET utf8 COLLATE utf8_unicode_ci NOT NULL,
  PRIMARY KEY (`id`),
  UNIQUE KEY `name` (`name`)
) ENGINE=InnoDB AUTO_INCREMENT=26 DEFAULT CHARSET=utf8 COLLATE=utf8_unicode_ci;
/*!40101 SET character_set_client = @saved_cs_client */;

--
-- Dumping data for table `communities`
--

LOCK TABLES `communities` WRITE;
/*!40000 ALTER TABLE `communities` DISABLE KEYS */;
INSERT INTO `communities` VALUES (11,'accusamus'),(17,'aliquid'),(16,'assumenda'),(25,'consequatur'),(2,'corporis'),(5,'ducimus'),(8,'ea'),(4,'et'),(1,'excepturi'),(13,'maiores'),(14,'natus'),(20,'nemo'),(19,'neque'),(3,'nihil'),(7,'non'),(9,'qui'),(21,'quia'),(15,'repellendus'),(18,'sapiente'),(10,'sint'),(6,'temporibus'),(23,'unde'),(22,'ut'),(12,'vero'),(24,'voluptas');
/*!40000 ALTER TABLE `communities` ENABLE KEYS */;
UNLOCK TABLES;

--
-- Table structure for table `communities_users`
--

DROP TABLE IF EXISTS `communities_users`;
/*!40101 SET @saved_cs_client     = @@character_set_client */;
/*!50503 SET character_set_client = utf8mb4 */;
CREATE TABLE `communities_users` (
  `community_id` int unsigned NOT NULL,
  `user_id` int unsigned NOT NULL,
  PRIMARY KEY (`community_id`,`user_id`),
  KEY `communities_users_user_id_fk` (`user_id`),
  CONSTRAINT `communities_users_community_id_fk` FOREIGN KEY (`community_id`) REFERENCES `communities` (`id`) ON DELETE CASCADE,
  CONSTRAINT `communities_users_user_id_fk` FOREIGN KEY (`user_id`) REFERENCES `users` (`id`) ON DELETE CASCADE
) ENGINE=InnoDB DEFAULT CHARSET=utf8 COLLATE=utf8_unicode_ci;
/*!40101 SET character_set_client = @saved_cs_client */;

--
-- Dumping data for table `communities_users`
--

LOCK TABLES `communities_users` WRITE;
/*!40000 ALTER TABLE `communities_users` DISABLE KEYS */;
INSERT INTO `communities_users` VALUES (23,1),(16,2),(20,3),(8,4),(17,5),(10,6),(19,7),(19,8),(14,9),(5,10),(7,11),(13,12),(16,13),(23,14),(17,15),(20,16),(8,17),(3,18),(16,19),(15,20),(6,21),(24,22),(1,23),(22,24),(20,25),(11,26),(4,27),(1,28),(17,29),(9,30),(5,31),(1,32),(21,33),(24,34),(20,35),(15,36),(16,37),(23,38),(21,39),(1,40),(16,41),(8,42),(15,43),(16,44),(23,45),(5,46),(6,47),(21,48),(23,49),(16,50),(12,51),(21,52),(17,53),(14,54),(17,55),(19,56),(1,57),(24,58),(24,59),(12,60),(25,61),(15,62),(17,63),(8,64),(3,65),(22,66),(18,67),(13,68),(5,69),(17,70),(6,71),(8,72),(2,73),(21,74),(20,75),(1,76),(17,77),(7,78),(17,79),(7,80),(5,81),(24,82),(8,83),(1,84),(24,85),(8,86),(2,87),(15,88),(4,89),(11,90),(10,91),(17,92),(21,93),(1,94),(16,95),(13,96),(20,97),(21,98),(12,99),(1,100);
/*!40000 ALTER TABLE `communities_users` ENABLE KEYS */;
UNLOCK TABLES;

--
-- Table structure for table `friendship`
--

DROP TABLE IF EXISTS `friendship`;
/*!40101 SET @saved_cs_client     = @@character_set_client */;
/*!50503 SET character_set_client = utf8mb4 */;
CREATE TABLE `friendship` (
  `user_id` int unsigned NOT NULL,
  `friend_id` int unsigned NOT NULL,
  `status_id` int unsigned NOT NULL,
  `requested_at` datetime DEFAULT CURRENT_TIMESTAMP,
  `confirmed_at` datetime DEFAULT NULL,
  PRIMARY KEY (`user_id`,`friend_id`),
  KEY `friendship_status_id_fk` (`status_id`),
  KEY `friendship_friend_id_fk` (`friend_id`),
  CONSTRAINT `friendship_friend_id_fk` FOREIGN KEY (`friend_id`) REFERENCES `users` (`id`) ON DELETE CASCADE,
  CONSTRAINT `friendship_status_id_fk` FOREIGN KEY (`status_id`) REFERENCES `friendship_statuses` (`id`) ON DELETE CASCADE,
  CONSTRAINT `friendship_user_id_fk` FOREIGN KEY (`user_id`) REFERENCES `users` (`id`) ON DELETE CASCADE
) ENGINE=InnoDB DEFAULT CHARSET=utf8 COLLATE=utf8_unicode_ci;
/*!40101 SET character_set_client = @saved_cs_client */;

--
-- Dumping data for table `friendship`
--

LOCK TABLES `friendship` WRITE;
/*!40000 ALTER TABLE `friendship` DISABLE KEYS */;
INSERT INTO `friendship` VALUES (2,13,2,'2003-01-03 19:48:58','1974-04-22 00:57:02'),(2,35,3,'2002-07-12 02:00:38','1979-05-09 13:16:11'),(3,64,2,'1972-06-19 21:26:18','1979-05-27 08:38:39'),(4,56,2,'2001-04-11 14:38:01','1996-06-29 13:51:01'),(5,100,1,'2016-07-24 05:37:28','1987-07-03 09:20:07'),(6,53,3,'1970-03-12 18:01:43','1986-04-19 21:41:39'),(6,74,3,'1997-02-26 23:21:55','2018-04-27 13:51:32'),(6,97,1,'1989-08-24 01:19:40','1985-09-14 06:12:41'),(7,7,2,'1977-04-05 11:45:37','1997-08-07 05:30:06'),(7,48,3,'1972-08-24 11:03:31','2016-07-29 02:43:29'),(9,13,1,'2001-02-28 13:18:56','1994-09-29 16:39:37'),(10,32,3,'2010-06-16 00:45:56','2000-05-24 23:18:17'),(10,35,3,'2009-02-24 08:46:25','1980-08-29 21:34:16'),(10,86,3,'2010-01-01 04:12:36','2009-10-28 09:25:38'),(10,94,1,'1981-11-29 02:16:08','2006-04-30 10:14:28'),(11,63,3,'1984-10-05 22:59:36','1997-11-19 07:22:44'),(13,23,2,'1999-08-26 02:28:08','2000-02-27 17:04:24'),(13,60,2,'1989-06-13 10:18:09','1996-02-13 01:11:53'),(18,6,3,'1971-07-03 04:51:55','1994-10-26 07:04:29'),(21,7,1,'2003-11-14 07:27:41','1998-06-26 13:36:35'),(21,42,2,'1986-05-30 08:41:24','2018-12-17 03:10:11'),(21,89,1,'1990-01-07 23:48:24','1972-03-26 18:17:42'),(22,63,1,'1994-12-05 06:28:39','1989-02-14 18:59:35'),(22,68,2,'1981-12-29 00:14:42','2016-07-10 01:47:48'),(23,6,3,'2008-04-07 00:22:47','1991-04-28 18:17:00'),(24,55,3,'1985-04-02 03:11:56','2001-11-21 09:44:50'),(25,43,2,'1988-01-21 19:43:08','1986-05-24 23:54:02'),(25,99,2,'1990-05-26 04:54:26','1986-02-27 20:35:56'),(26,35,3,'2013-04-24 01:35:09','2016-05-26 13:57:58'),(27,25,1,'2018-09-10 10:05:22','2015-04-05 17:29:53'),(27,41,1,'1973-10-26 09:43:28','1977-03-08 09:21:55'),(27,63,1,'2008-08-23 12:39:58','2009-10-30 17:43:35'),(28,57,2,'1974-03-06 04:05:51','1992-06-17 16:37:57'),(29,61,3,'2011-12-08 14:27:59','2018-03-13 19:35:06'),(30,74,2,'1971-01-23 00:33:04','1999-09-28 17:23:22'),(31,12,3,'2010-11-15 13:07:26','2008-05-05 02:33:09'),(31,15,1,'1975-06-13 02:20:19','1991-12-18 16:44:30'),(31,86,2,'2019-07-04 18:57:25','1994-12-23 18:39:41'),(36,27,1,'1985-07-17 03:21:36','2010-08-14 14:16:47'),(36,99,2,'2006-04-20 02:00:31','2012-05-03 02:37:30'),(37,27,2,'1986-04-27 05:20:23','2013-07-08 08:40:07'),(37,94,1,'1985-03-19 16:03:48','1970-08-31 03:50:20'),(38,50,1,'1997-10-09 22:52:31','2007-01-19 05:27:17'),(41,73,2,'2020-04-15 17:01:10','1997-08-19 18:28:06'),(42,68,3,'1993-05-31 23:01:09','2012-07-13 15:04:56'),(42,91,2,'1996-06-12 11:51:03','1971-03-27 02:02:52'),(43,38,1,'2020-04-10 07:56:42','1994-07-29 23:18:39'),(44,28,2,'1993-05-11 23:56:35','2007-10-29 03:22:35'),(45,47,2,'2004-06-17 15:27:38','2020-02-11 14:44:44'),(45,67,3,'2014-07-29 04:31:45','1982-11-11 13:58:59'),(46,4,3,'2001-10-28 00:26:04','2019-12-10 17:24:26'),(46,22,2,'2011-10-17 08:15:50','1990-01-13 16:21:58'),(47,10,3,'2000-09-26 08:13:00','1984-12-27 07:59:24'),(49,56,2,'2005-01-07 12:26:09','1976-12-24 18:23:04'),(51,52,1,'1971-07-27 04:04:31','1982-05-31 20:42:05'),(52,37,1,'1997-05-10 18:08:02','2012-05-06 15:20:43'),(52,92,3,'1982-01-26 16:15:17','1987-01-17 08:26:29'),(53,89,2,'2005-04-21 23:02:34','1988-11-09 08:29:17'),(53,97,2,'1993-10-15 04:50:17','1977-02-18 00:35:52'),(55,79,3,'1998-01-04 00:48:25','1978-08-30 20:58:30'),(59,77,1,'1980-11-16 02:42:21','2019-09-15 00:26:40'),(60,17,1,'2018-10-06 06:07:21','2016-05-26 13:16:40'),(60,20,3,'2003-07-02 05:03:01','1996-07-11 13:35:29'),(61,26,3,'1990-10-15 02:58:06','1981-01-20 15:17:13'),(62,67,1,'2007-09-29 17:37:13','2016-01-26 18:18:37'),(62,95,3,'2010-11-08 14:46:12','1975-05-28 16:12:56'),(64,3,2,'2007-05-17 17:23:05','2016-12-11 04:22:25'),(64,13,2,'2005-08-07 17:01:49','1973-05-01 06:24:07'),(64,93,2,'1981-07-24 21:08:13','1997-05-13 01:46:47'),(65,21,3,'2002-03-19 17:28:29','1983-11-30 19:29:24'),(65,56,2,'1997-11-02 12:00:40','2000-10-03 17:05:54'),(68,47,1,'2008-06-18 11:48:39','1972-07-06 18:46:46'),(69,5,2,'2016-07-20 17:04:26','1985-06-18 22:20:42'),(70,31,3,'1982-05-18 19:04:33','2004-07-05 01:00:36'),(71,5,2,'2019-09-30 00:08:51','2013-07-14 09:17:26'),(71,47,3,'1993-09-05 19:36:00','2000-04-09 01:33:20'),(72,82,1,'1981-04-13 02:41:28','1993-07-17 03:28:33'),(73,100,2,'2009-02-16 07:53:09','1990-12-11 11:24:06'),(74,1,1,'1977-11-26 05:27:21','1978-02-02 21:10:28'),(74,55,1,'1978-09-02 12:03:22','1988-08-19 18:57:31'),(74,65,2,'1980-04-06 00:49:32','2015-11-19 00:13:38'),(76,38,3,'2003-11-06 19:15:39','2002-08-01 10:27:01'),(81,1,3,'2010-03-30 17:32:55','1976-07-26 03:29:19'),(81,59,3,'1975-03-12 09:38:56','1985-01-29 13:14:50'),(81,83,2,'2000-04-05 10:01:10','1980-09-02 00:17:22'),(82,18,3,'2003-07-13 03:59:32','2014-01-17 05:17:02'),(82,42,3,'1975-11-20 12:52:17','1980-05-30 23:54:45'),(82,95,1,'1985-09-25 02:55:29','2001-05-28 22:25:26'),(83,11,2,'1982-11-16 08:45:12','1991-03-11 06:11:49'),(84,53,1,'1998-06-17 16:55:13','1975-06-05 07:49:42'),(85,56,1,'2009-08-23 04:44:05','2008-10-04 02:39:27'),(86,30,2,'2014-02-23 04:55:36','2009-06-04 21:12:14'),(88,42,3,'1988-02-08 15:27:32','1972-04-18 05:25:10'),(90,65,2,'1991-03-01 22:09:28','1996-11-25 12:29:34'),(92,68,1,'1979-02-11 02:19:45','1988-07-10 15:58:55'),(94,21,3,'2017-04-02 23:32:48','2006-01-20 15:48:47'),(97,47,1,'2002-01-21 11:02:59','2007-02-17 22:28:57'),(98,81,3,'2003-01-02 18:13:15','2013-02-01 06:21:59'),(98,90,1,'2004-01-11 13:43:25','1979-08-10 23:41:44'),(100,41,1,'1996-08-08 13:32:27','1997-04-01 04:01:16');
/*!40000 ALTER TABLE `friendship` ENABLE KEYS */;
UNLOCK TABLES;

--
-- Table structure for table `friendship_statuses`
--

DROP TABLE IF EXISTS `friendship_statuses`;
/*!40101 SET @saved_cs_client     = @@character_set_client */;
/*!50503 SET character_set_client = utf8mb4 */;
CREATE TABLE `friendship_statuses` (
  `id` int unsigned NOT NULL AUTO_INCREMENT,
  `name` varchar(150) CHARACTER SET utf8 COLLATE utf8_unicode_ci NOT NULL,
  PRIMARY KEY (`id`),
  UNIQUE KEY `name` (`name`)
) ENGINE=InnoDB AUTO_INCREMENT=4 DEFAULT CHARSET=utf8 COLLATE=utf8_unicode_ci;
/*!40101 SET character_set_client = @saved_cs_client */;

--
-- Dumping data for table `friendship_statuses`
--

LOCK TABLES `friendship_statuses` WRITE;
/*!40000 ALTER TABLE `friendship_statuses` DISABLE KEYS */;
INSERT INTO `friendship_statuses` VALUES (2,'Confirmed'),(3,'Rejected'),(1,'Requested');
/*!40000 ALTER TABLE `friendship_statuses` ENABLE KEYS */;
UNLOCK TABLES;

--
-- Table structure for table `likes`
--

DROP TABLE IF EXISTS `likes`;
/*!40101 SET @saved_cs_client     = @@character_set_client */;
/*!50503 SET character_set_client = utf8mb4 */;
CREATE TABLE `likes` (
  `id` int unsigned NOT NULL AUTO_INCREMENT,
  `user_id` int unsigned DEFAULT NULL,
  `target_id` int unsigned DEFAULT NULL,
  `target_type_id` int unsigned NOT NULL,
  `created_at` datetime DEFAULT CURRENT_TIMESTAMP,
  PRIMARY KEY (`id`),
  KEY `likes_target_id_fk` (`target_id`),
  KEY `likes_target_type_id_fk` (`target_type_id`),
  KEY `likes__user_id_fk` (`user_id`),
  CONSTRAINT `likes__user_id_fk` FOREIGN KEY (`user_id`) REFERENCES `users` (`id`) ON DELETE SET NULL,
  CONSTRAINT `likes_target_id_fk` FOREIGN KEY (`target_id`) REFERENCES `users` (`id`) ON DELETE SET NULL,
  CONSTRAINT `likes_target_type_id_fk` FOREIGN KEY (`target_type_id`) REFERENCES `target_types` (`id`) ON DELETE CASCADE
) ENGINE=InnoDB AUTO_INCREMENT=31 DEFAULT CHARSET=utf8mb4 COLLATE=utf8mb4_0900_ai_ci;
/*!40101 SET character_set_client = @saved_cs_client */;

--
-- Dumping data for table `likes`
--

LOCK TABLES `likes` WRITE;
/*!40000 ALTER TABLE `likes` DISABLE KEYS */;
INSERT INTO `likes` VALUES (1,74,32,2,'2020-05-17 12:02:01'),(2,91,43,2,'2020-05-17 12:02:01'),(3,77,59,3,'2020-05-17 12:02:01'),(4,54,69,4,'2020-05-17 12:02:01'),(5,14,17,2,'2020-05-17 12:02:01'),(6,62,83,2,'2020-05-17 12:02:01'),(7,86,49,4,'2020-05-17 12:02:01'),(8,88,79,2,'2020-05-17 12:02:01'),(9,9,56,3,'2020-05-17 12:02:01'),(10,93,7,3,'2020-05-17 12:02:01'),(11,52,96,1,'2020-05-17 12:02:01'),(12,32,85,2,'2020-05-17 12:02:01'),(13,93,76,1,'2020-05-17 12:02:01'),(14,78,84,4,'2020-05-17 12:02:01'),(15,73,10,2,'2020-05-17 12:02:01'),(16,25,30,3,'2020-05-17 12:02:01'),(17,76,60,3,'2020-05-17 12:02:01'),(18,86,11,4,'2020-05-17 12:02:01'),(19,34,88,2,'2020-05-17 12:02:01'),(20,22,98,1,'2020-05-17 12:02:01'),(21,17,20,2,'2020-05-17 12:02:01'),(22,81,60,3,'2020-05-17 12:02:01'),(23,2,41,4,'2020-05-17 12:02:01'),(24,73,65,1,'2020-05-17 12:02:01'),(25,26,18,1,'2020-05-17 12:02:01'),(26,96,49,3,'2020-05-17 12:02:01'),(27,30,85,2,'2020-05-17 12:02:01'),(28,17,79,2,'2020-05-17 12:02:01'),(29,87,100,2,'2020-05-17 12:02:01'),(30,84,11,1,'2020-05-17 12:02:01');
/*!40000 ALTER TABLE `likes` ENABLE KEYS */;
UNLOCK TABLES;

--
-- Table structure for table `media`
--

DROP TABLE IF EXISTS `media`;
/*!40101 SET @saved_cs_client     = @@character_set_client */;
/*!50503 SET character_set_client = utf8mb4 */;
CREATE TABLE `media` (
  `id` int unsigned NOT NULL AUTO_INCREMENT,
  `user_id` int unsigned DEFAULT NULL,
  `filename` varchar(255) CHARACTER SET utf8 COLLATE utf8_unicode_ci NOT NULL,
  `size` int NOT NULL,
  `metadata` json DEFAULT NULL,
  `media_type_id` int unsigned NOT NULL,
  `created_at` datetime DEFAULT CURRENT_TIMESTAMP,
  `updated_at` datetime DEFAULT CURRENT_TIMESTAMP ON UPDATE CURRENT_TIMESTAMP,
  PRIMARY KEY (`id`),
  KEY `media_media_type_id_fk` (`media_type_id`),
  KEY `media__user_id_fk` (`user_id`),
  CONSTRAINT `media__user_id_fk` FOREIGN KEY (`user_id`) REFERENCES `users` (`id`) ON DELETE SET NULL,
  CONSTRAINT `media_media_type_id_fk` FOREIGN KEY (`media_type_id`) REFERENCES `media_types` (`id`) ON DELETE CASCADE
) ENGINE=InnoDB AUTO_INCREMENT=101 DEFAULT CHARSET=utf8 COLLATE=utf8_unicode_ci;
/*!40101 SET character_set_client = @saved_cs_client */;

--
-- Dumping data for table `media`
--

LOCK TABLES `media` WRITE;
/*!40000 ALTER TABLE `media` DISABLE KEYS */;
INSERT INTO `media` VALUES (1,97,'https://dropbox.net/vk/illum.jpeg',936078,'{\"owner\": \"Mckenzie  Reynolds\"}',1,'1999-07-02 20:23:08','2020-05-11 17:16:55'),(2,68,'https://dropbox.net/vk/et.avi',1746,'{\"owner\": \"Jena  Champlin\"}',3,'1990-12-26 00:06:51','2020-05-11 17:16:55'),(3,17,'https://dropbox.net/vk/repellat.avi',60444,'{\"owner\": \"Ara  Rutherford\"}',3,'1991-10-13 02:54:16','2020-05-11 17:16:55'),(4,100,'https://dropbox.net/vk/ut.png',1678,'{\"owner\": \"Wilfrid  Bernhard\"}',1,'1970-06-07 22:24:15','2020-05-11 17:16:55'),(5,47,'https://dropbox.net/vk/incidunt.jpeg',626641,'{\"owner\": \"Jamison  Ernser\"}',3,'1972-12-02 10:39:28','2020-05-11 17:16:55'),(6,94,'https://dropbox.net/vk/nulla.avi',1153,'{\"owner\": \"Aurelia  Hermiston\"}',1,'2016-08-06 22:57:44','2020-05-11 17:16:55'),(7,52,'https://dropbox.net/vk/sunt.mpeg',2807,'{\"owner\": \"Augustine  Waters\"}',2,'1997-01-05 00:44:24','2020-05-11 17:16:55'),(8,40,'https://dropbox.net/vk/dolorem.jpeg',1734,'{\"owner\": \"Gardner  Howell\"}',1,'2000-09-02 00:35:33','2020-05-11 17:16:55'),(9,94,'https://dropbox.net/vk/dolorem.mp4',2593,'{\"owner\": \"Aurelia  Hermiston\"}',2,'2002-10-01 16:14:21','2020-05-11 17:16:55'),(10,9,'https://dropbox.net/vk/ut.mpeg',2251129,'{\"owner\": \"Joesph  Muller\"}',1,'2003-09-16 18:07:14','2020-05-11 17:16:55'),(11,26,'https://dropbox.net/vk/optio.mp4',75994,'{\"owner\": \"Gunnar  Mante\"}',1,'1976-05-22 03:08:50','2020-05-11 17:16:55'),(12,16,'https://dropbox.net/vk/et.jpeg',4474,'{\"owner\": \"Anais  Hamill\"}',2,'1997-03-03 22:52:19','2020-05-11 17:16:55'),(13,69,'https://dropbox.net/vk/est.jpeg',1209,'{\"owner\": \"Stacy  Orn\"}',1,'1993-01-26 08:21:27','2020-05-11 17:16:55'),(14,61,'https://dropbox.net/vk/iste.mpeg',14718651,'{\"owner\": \"Mable  McCullough\"}',1,'1989-01-02 22:13:49','2020-05-11 17:16:55'),(15,40,'https://dropbox.net/vk/et.png',1846,'{\"owner\": \"Gardner  Howell\"}',3,'1972-06-16 00:03:51','2020-05-11 17:16:55'),(16,98,'https://dropbox.net/vk/itaque.mp4',1604,'{\"owner\": \"Danyka  Oberbrunner\"}',3,'1993-04-05 21:55:53','2020-05-11 17:16:55'),(17,8,'https://dropbox.net/vk/aperiam.mp4',75328276,'{\"owner\": \"Jettie  Beatty\"}',2,'1981-05-26 01:32:05','2020-05-11 17:16:55'),(18,63,'https://dropbox.net/vk/quasi.mpeg',88709375,'{\"owner\": \"Lucio  Borer\"}',1,'2001-05-15 00:16:18','2020-05-11 17:16:55'),(19,21,'https://dropbox.net/vk/consequatur.avi',29978419,'{\"owner\": \"Kennedy  Koss\"}',2,'2009-01-28 07:26:35','2020-05-11 17:16:55'),(20,27,'https://dropbox.net/vk/eligendi.jpeg',2228587,'{\"owner\": \"Randall  Bruen\"}',1,'2003-12-30 15:02:00','2020-05-11 17:16:55'),(21,17,'https://dropbox.net/vk/veniam.mpeg',79285,'{\"owner\": \"Ara  Rutherford\"}',3,'1989-12-31 09:16:58','2020-05-11 17:16:55'),(22,77,'https://dropbox.net/vk/culpa.jpeg',1481,'{\"owner\": \"Elisha  Baumbach\"}',1,'1974-05-11 09:57:22','2020-05-11 17:16:55'),(23,99,'https://dropbox.net/vk/repellendus.jpeg',1595,'{\"owner\": \"Kavon  Walker\"}',1,'1973-03-15 17:21:24','2020-05-11 17:16:55'),(24,85,'https://dropbox.net/vk/qui.mpeg',1530,'{\"owner\": \"Cale  Effertz\"}',3,'1980-04-16 12:35:47','2020-05-11 17:16:55'),(25,21,'https://dropbox.net/vk/non.avi',1868,'{\"owner\": \"Kennedy  Koss\"}',3,'1997-04-07 08:58:52','2020-05-11 17:16:55'),(26,36,'https://dropbox.net/vk/quam.mp4',76034,'{\"owner\": \"Itzel  Bahringer\"}',1,'1992-08-09 17:08:24','2020-05-11 17:16:55'),(27,84,'https://dropbox.net/vk/nobis.jpeg',1751,'{\"owner\": \"Reuben  Sawayn\"}',1,'1999-10-17 09:59:01','2020-05-11 17:16:55'),(28,68,'https://dropbox.net/vk/voluptatem.mp4',1152,'{\"owner\": \"Jena  Champlin\"}',1,'1986-04-12 07:22:04','2020-05-11 17:16:55'),(29,38,'https://dropbox.net/vk/sed.avi',232203,'{\"owner\": \"Henriette  Schroeder\"}',2,'1971-10-15 18:22:35','2020-05-11 17:16:55'),(30,94,'https://dropbox.net/vk/alias.avi',9060,'{\"owner\": \"Aurelia  Hermiston\"}',3,'2013-05-22 03:53:32','2020-05-11 17:16:55'),(31,38,'https://dropbox.net/vk/labore.jpeg',851193501,'{\"owner\": \"Henriette  Schroeder\"}',1,'1971-08-11 04:26:02','2020-05-11 17:16:55'),(32,80,'https://dropbox.net/vk/ullam.jpeg',1506,'{\"owner\": \"Jess  Crist\"}',3,'1972-11-09 14:43:25','2020-05-11 17:16:55'),(33,65,'https://dropbox.net/vk/voluptate.mp4',9188963,'{\"owner\": \"Leonie  Barton\"}',1,'1972-02-15 19:51:13','2020-05-11 17:16:55'),(34,20,'https://dropbox.net/vk/voluptate.mpeg',1087586,'{\"owner\": \"Carey  Sauer\"}',1,'2017-11-06 10:20:24','2020-05-11 17:16:55'),(35,86,'https://dropbox.net/vk/in.png',127842607,'{\"owner\": \"Raphael  Kemmer\"}',3,'2000-09-07 21:01:48','2020-05-11 17:16:55'),(36,54,'https://dropbox.net/vk/deserunt.avi',5916,'{\"owner\": \"Martine  Heathcote\"}',3,'2019-09-01 05:59:32','2020-05-11 17:16:55'),(37,37,'https://dropbox.net/vk/doloribus.png',77098,'{\"owner\": \"Sylvester  Emmerich\"}',2,'2002-07-02 16:55:03','2020-05-11 17:16:55'),(38,23,'https://dropbox.net/vk/corporis.avi',1073,'{\"owner\": \"Coralie  Cummings\"}',1,'1993-12-07 15:31:08','2020-05-11 17:16:55'),(39,100,'https://dropbox.net/vk/suscipit.avi',1849,'{\"owner\": \"Wilfrid  Bernhard\"}',3,'2013-12-17 23:03:24','2020-05-11 17:16:55'),(40,95,'https://dropbox.net/vk/quae.avi',1027,'{\"owner\": \"Ellis  Gutmann\"}',3,'2003-01-15 14:46:19','2020-05-11 17:16:55'),(41,93,'https://dropbox.net/vk/est.jpeg',8749718,'{\"owner\": \"Flo  Hirthe\"}',3,'1992-05-26 12:14:11','2020-05-11 17:16:55'),(42,11,'https://dropbox.net/vk/necessitatibus.mp4',427621,'{\"owner\": \"Jairo  Terry\"}',2,'1998-07-17 06:30:34','2020-05-11 17:16:55'),(43,61,'https://dropbox.net/vk/facilis.mpeg',841826,'{\"owner\": \"Mable  McCullough\"}',1,'2012-11-17 12:43:17','2020-05-11 17:16:55'),(44,50,'https://dropbox.net/vk/illum.png',9137,'{\"owner\": \"Clarabelle  Swift\"}',1,'2003-06-25 14:28:37','2020-05-11 17:16:55'),(45,9,'https://dropbox.net/vk/illum.mpeg',1587,'{\"owner\": \"Joesph  Muller\"}',2,'2016-09-08 17:46:27','2020-05-11 17:16:55'),(46,19,'https://dropbox.net/vk/explicabo.mp4',1856,'{\"owner\": \"Joshua  Langworth\"}',2,'1984-03-26 06:03:29','2020-05-11 17:16:55'),(47,68,'https://dropbox.net/vk/consequatur.jpeg',256917858,'{\"owner\": \"Jena  Champlin\"}',1,'1977-11-11 04:14:37','2020-05-11 17:16:55'),(48,16,'https://dropbox.net/vk/debitis.mp4',585026232,'{\"owner\": \"Anais  Hamill\"}',1,'2016-10-18 07:10:42','2020-05-11 17:16:55'),(49,89,'https://dropbox.net/vk/architecto.mpeg',1518,'{\"owner\": \"Joy  Sawayn\"}',1,'2011-07-15 08:09:24','2020-05-11 17:16:55'),(50,51,'https://dropbox.net/vk/voluptas.mp4',65675713,'{\"owner\": \"Hershel  Simonis\"}',2,'1997-12-18 16:48:57','2020-05-11 17:16:55'),(51,60,'https://dropbox.net/vk/et.avi',1022,'{\"owner\": \"Harrison  Fahey\"}',3,'1974-06-02 03:51:28','2020-05-11 17:16:55'),(52,85,'https://dropbox.net/vk/dolor.mp4',423446,'{\"owner\": \"Cale  Effertz\"}',1,'1970-11-12 21:34:30','2020-05-11 17:16:55'),(53,61,'https://dropbox.net/vk/ut.jpeg',1556,'{\"owner\": \"Mable  McCullough\"}',3,'1980-12-29 21:00:28','2020-05-11 17:16:55'),(54,100,'https://dropbox.net/vk/nostrum.png',297823735,'{\"owner\": \"Wilfrid  Bernhard\"}',1,'1978-04-14 21:18:25','2020-05-11 17:16:55'),(55,48,'https://dropbox.net/vk/est.png',87423787,'{\"owner\": \"Hayley  Volkman\"}',1,'2008-06-03 03:06:55','2020-05-11 17:16:55'),(56,96,'https://dropbox.net/vk/quam.png',9780282,'{\"owner\": \"Belle  Waelchi\"}',1,'1990-05-14 16:20:53','2020-05-11 17:16:55'),(57,97,'https://dropbox.net/vk/rerum.mp4',1717,'{\"owner\": \"Mckenzie  Reynolds\"}',2,'1980-06-09 10:15:05','2020-05-11 17:16:55'),(58,68,'https://dropbox.net/vk/aut.mp4',1916,'{\"owner\": \"Jena  Champlin\"}',2,'2018-02-23 04:47:27','2020-05-11 17:16:55'),(59,16,'https://dropbox.net/vk/aut.jpeg',6717620,'{\"owner\": \"Anais  Hamill\"}',3,'2018-12-18 22:24:45','2020-05-11 17:16:55'),(60,83,'https://dropbox.net/vk/rerum.jpeg',86358079,'{\"owner\": \"Mekhi  Eichmann\"}',3,'2015-05-31 12:51:16','2020-05-11 17:16:55'),(61,25,'https://dropbox.net/vk/labore.mp4',32349,'{\"owner\": \"Larue  Bosco\"}',2,'1989-04-07 20:52:32','2020-05-11 17:16:55'),(62,19,'https://dropbox.net/vk/nihil.jpeg',25066653,'{\"owner\": \"Joshua  Langworth\"}',3,'1995-12-30 06:24:30','2020-05-11 17:16:55'),(63,42,'https://dropbox.net/vk/mollitia.mp4',4912,'{\"owner\": \"Leann  Satterfield\"}',2,'1974-11-19 18:03:30','2020-05-11 17:16:55'),(64,17,'https://dropbox.net/vk/aperiam.jpeg',3892334,'{\"owner\": \"Ara  Rutherford\"}',3,'1975-10-30 02:56:19','2020-05-11 17:16:55'),(65,49,'https://dropbox.net/vk/dolor.png',828285260,'{\"owner\": \"Nadia  Paucek\"}',2,'2009-06-05 01:58:30','2020-05-11 17:16:55'),(66,73,'https://dropbox.net/vk/dolores.mpeg',74182266,'{\"owner\": \"Jettie  Graham\"}',1,'1988-06-07 11:07:43','2020-05-11 17:16:55'),(67,46,'https://dropbox.net/vk/tempora.mp4',1429,'{\"owner\": \"Angel  Schoen\"}',2,'1987-08-15 23:27:50','2020-05-11 17:16:55'),(68,10,'https://dropbox.net/vk/voluptatum.avi',2646448,'{\"owner\": \"Marilie  Jacobi\"}',3,'1989-10-15 22:38:55','2020-05-11 17:16:55'),(69,69,'https://dropbox.net/vk/sed.mp4',786526,'{\"owner\": \"Stacy  Orn\"}',1,'1990-11-21 21:24:24','2020-05-11 17:16:55'),(70,9,'https://dropbox.net/vk/odit.jpeg',8289099,'{\"owner\": \"Joesph  Muller\"}',3,'1992-05-27 11:02:44','2020-05-11 17:16:55'),(71,42,'https://dropbox.net/vk/facere.mp4',33359509,'{\"owner\": \"Leann  Satterfield\"}',3,'1986-09-26 15:39:13','2020-05-11 17:16:55'),(72,25,'https://dropbox.net/vk/est.mp4',1397,'{\"owner\": \"Larue  Bosco\"}',2,'2006-09-20 10:50:01','2020-05-11 17:16:55'),(73,81,'https://dropbox.net/vk/eius.png',993874,'{\"owner\": \"Rebekah  Sporer\"}',1,'1974-01-10 11:36:22','2020-05-11 17:16:55'),(74,9,'https://dropbox.net/vk/qui.jpeg',1701,'{\"owner\": \"Joesph  Muller\"}',1,'1976-04-05 10:36:04','2020-05-11 17:16:55'),(75,42,'https://dropbox.net/vk/aliquid.mpeg',1312,'{\"owner\": \"Leann  Satterfield\"}',2,'2009-02-06 15:23:56','2020-05-11 17:16:55'),(76,15,'https://dropbox.net/vk/et.avi',5882595,'{\"owner\": \"Alycia  Volkman\"}',3,'1978-03-05 11:07:14','2020-05-11 17:16:55'),(77,1,'https://dropbox.net/vk/dicta.mp4',1457,'{\"owner\": \"Golden  O\'Kon\"}',3,'2004-11-17 14:59:31','2020-05-11 17:16:55'),(78,76,'https://dropbox.net/vk/necessitatibus.png',1349,'{\"owner\": \"Raheem  Kutch\"}',1,'1996-08-13 22:03:36','2020-05-11 17:16:55'),(79,39,'https://dropbox.net/vk/nihil.png',362424266,'{\"owner\": \"Milford  Schowalter\"}',3,'1992-03-07 19:33:11','2020-05-11 17:16:55'),(80,53,'https://dropbox.net/vk/autem.png',386481694,'{\"owner\": \"Kip  Lebsack\"}',2,'1973-01-17 00:04:58','2020-05-11 17:16:55'),(81,53,'https://dropbox.net/vk/qui.mpeg',1374,'{\"owner\": \"Kip  Lebsack\"}',3,'1971-09-30 08:25:02','2020-05-11 17:16:55'),(82,24,'https://dropbox.net/vk/ut.mp4',1823,'{\"owner\": \"Mozell  Kiehn\"}',2,'1973-11-29 23:37:42','2020-05-11 17:16:55'),(83,78,'https://dropbox.net/vk/laborum.avi',1994,'{\"owner\": \"Nicola  Crist\"}',1,'1998-10-09 11:38:55','2020-05-11 17:16:55'),(84,66,'https://dropbox.net/vk/perspiciatis.avi',920780,'{\"owner\": \"Sylvia  Hodkiewicz\"}',1,'2007-10-27 22:49:48','2020-05-11 17:16:55'),(85,36,'https://dropbox.net/vk/quod.png',1502,'{\"owner\": \"Itzel  Bahringer\"}',2,'2002-11-11 06:23:31','2020-05-11 17:16:55'),(86,97,'https://dropbox.net/vk/reprehenderit.jpeg',1486483,'{\"owner\": \"Mckenzie  Reynolds\"}',2,'2008-03-18 04:41:19','2020-05-11 17:16:55'),(87,11,'https://dropbox.net/vk/exercitationem.mp4',369514,'{\"owner\": \"Jairo  Terry\"}',3,'1971-03-22 11:51:37','2020-05-11 17:16:55'),(88,30,'https://dropbox.net/vk/dicta.avi',1527,'{\"owner\": \"Kaylah  Ankunding\"}',3,'1970-03-19 18:39:26','2020-05-11 17:16:55'),(89,58,'https://dropbox.net/vk/qui.png',8731,'{\"owner\": \"Twila  Crooks\"}',1,'2000-08-21 13:46:46','2020-05-11 17:16:55'),(90,35,'https://dropbox.net/vk/omnis.mpeg',1130,'{\"owner\": \"Vesta  Parisian\"}',2,'2010-06-08 04:39:52','2020-05-11 17:16:55'),(91,43,'https://dropbox.net/vk/et.jpeg',39824,'{\"owner\": \"Selina  Powlowski\"}',3,'2014-05-10 11:49:16','2020-05-11 17:16:55'),(92,91,'https://dropbox.net/vk/vero.png',1070,'{\"owner\": \"Kolby  Dooley\"}',3,'2004-12-09 00:41:53','2020-05-11 17:16:55'),(93,45,'https://dropbox.net/vk/voluptatem.png',1961,'{\"owner\": \"Maymie  Parisian\"}',2,'2019-07-22 22:12:10','2020-05-11 17:16:55'),(94,32,'https://dropbox.net/vk/eos.mpeg',661147010,'{\"owner\": \"Lawson  Feeney\"}',1,'2010-06-17 18:06:37','2020-05-11 17:16:55'),(95,1,'https://dropbox.net/vk/maxime.avi',1596,'{\"owner\": \"Golden  O\'Kon\"}',3,'2016-01-16 05:51:51','2020-05-11 17:16:55'),(96,30,'https://dropbox.net/vk/voluptatum.png',33514091,'{\"owner\": \"Kaylah  Ankunding\"}',3,'1980-12-21 12:52:53','2020-05-11 17:16:55'),(97,45,'https://dropbox.net/vk/consequatur.mpeg',860848,'{\"owner\": \"Maymie  Parisian\"}',2,'1974-11-02 08:32:21','2020-05-11 17:16:55'),(98,87,'https://dropbox.net/vk/quas.mpeg',1097,'{\"owner\": \"Daisha  Medhurst\"}',3,'1996-09-07 06:39:30','2020-05-11 17:16:55'),(99,36,'https://dropbox.net/vk/eius.jpeg',265829,'{\"owner\": \"Itzel  Bahringer\"}',3,'1984-03-30 16:01:21','2020-05-11 17:16:55'),(100,91,'https://dropbox.net/vk/dicta.avi',1699,'{\"owner\": \"Kolby  Dooley\"}',3,'2006-01-02 17:39:53','2020-05-11 17:16:55');
/*!40000 ALTER TABLE `media` ENABLE KEYS */;
UNLOCK TABLES;

--
-- Table structure for table `media_types`
--

DROP TABLE IF EXISTS `media_types`;
/*!40101 SET @saved_cs_client     = @@character_set_client */;
/*!50503 SET character_set_client = utf8mb4 */;
CREATE TABLE `media_types` (
  `id` int unsigned NOT NULL AUTO_INCREMENT,
  `name` varchar(255) CHARACTER SET utf8 COLLATE utf8_unicode_ci NOT NULL,
  PRIMARY KEY (`id`),
  UNIQUE KEY `name` (`name`)
) ENGINE=InnoDB AUTO_INCREMENT=4 DEFAULT CHARSET=utf8 COLLATE=utf8_unicode_ci;
/*!40101 SET character_set_client = @saved_cs_client */;

--
-- Dumping data for table `media_types`
--

LOCK TABLES `media_types` WRITE;
/*!40000 ALTER TABLE `media_types` DISABLE KEYS */;
INSERT INTO `media_types` VALUES (3,'audio'),(1,'photo'),(2,'video');
/*!40000 ALTER TABLE `media_types` ENABLE KEYS */;
UNLOCK TABLES;

--
-- Table structure for table `messages`
--

DROP TABLE IF EXISTS `messages`;
/*!40101 SET @saved_cs_client     = @@character_set_client */;
/*!50503 SET character_set_client = utf8mb4 */;
CREATE TABLE `messages` (
  `id` int unsigned NOT NULL AUTO_INCREMENT,
  `from_user_id` int unsigned DEFAULT NULL,
  `to_user_id` int unsigned DEFAULT NULL,
  `body` text CHARACTER SET utf8 COLLATE utf8_unicode_ci NOT NULL,
  `is_important` tinyint(1) DEFAULT NULL,
  `is_delivered` tinyint(1) DEFAULT NULL,
  `created_at` datetime DEFAULT CURRENT_TIMESTAMP,
  PRIMARY KEY (`id`),
  KEY `messages_from_user_id_fk` (`from_user_id`),
  KEY `messages_to_user_id_fk` (`to_user_id`),
  CONSTRAINT `messages_from_user_id_fk` FOREIGN KEY (`from_user_id`) REFERENCES `users` (`id`) ON DELETE SET NULL,
  CONSTRAINT `messages_to_user_id_fk` FOREIGN KEY (`to_user_id`) REFERENCES `users` (`id`) ON DELETE SET NULL
) ENGINE=InnoDB AUTO_INCREMENT=31 DEFAULT CHARSET=utf8 COLLATE=utf8_unicode_ci;
/*!40101 SET character_set_client = @saved_cs_client */;

--
-- Dumping data for table `messages`
--

LOCK TABLES `messages` WRITE;
/*!40000 ALTER TABLE `messages` DISABLE KEYS */;
INSERT INTO `messages` VALUES (1,83,26,'Repellendus id dicta et iusto quam quasi. Ut placeat autem voluptatem quia est. Tenetur quibusdam dolorem blanditiis dolorum natus rerum.',0,1,'1983-10-04 02:06:01'),(2,80,23,'Doloribus ducimus et dignissimos repudiandae est. Molestiae et aliquam occaecati et commodi. Consequatur totam distinctio et voluptatem dolor aspernatur et.',1,0,'1995-05-06 02:43:06'),(3,72,92,'Aperiam vel veritatis dolor in rerum quia. Autem consequuntur delectus sit sit laboriosam consequatur. Vero et est iste quae neque.',1,1,'1983-06-13 17:42:31'),(4,42,33,'Veniam vero perspiciatis qui eos. Laborum magni aliquam sunt sunt et et tempora.',1,1,'1979-06-30 06:09:01'),(5,40,2,'Consequuntur ut quaerat recusandae eum nihil ullam. Alias ut alias quibusdam ipsa quos quaerat iure dolor. Facilis totam autem rerum quo consequatur. Eaque quaerat enim neque qui illum dolorem quaerat.',0,1,'1975-09-13 22:46:00'),(6,87,30,'Aut doloremque unde aperiam nostrum velit molestiae consequuntur. Sequi rerum esse qui nihil qui at. Dolore exercitationem omnis voluptatem.',1,1,'1992-02-06 11:59:43'),(7,88,50,'Numquam autem consequuntur quos atque voluptatem voluptatem. Asperiores rem quisquam aliquid officiis blanditiis. Voluptas tenetur ipsam est nemo tempore. Laboriosam quaerat totam occaecati voluptas omnis est eveniet quidem.',1,1,'1996-03-28 11:42:36'),(8,87,81,'Accusamus qui dolorem autem. Dolorem amet qui hic totam. Sed aut ab voluptas quia beatae et quod. Quisquam itaque vel ullam eos quia.',0,0,'2006-06-09 00:34:38'),(9,47,89,'Rem maiores nihil consequatur dolorum ut tempore saepe. Omnis est quia quaerat ex id. Pariatur quidem et ut pariatur nihil. Praesentium ex at nostrum beatae exercitationem corporis.',0,1,'1984-01-31 08:26:31'),(10,4,55,'Repellat praesentium natus accusantium sint quasi cumque incidunt. Consequatur aperiam sunt sunt necessitatibus quia velit voluptatem eum. Enim id aut expedita quis. Vero consectetur non aliquam voluptas numquam. Quis dolorem aliquid eaque aut.',1,1,'1980-01-09 00:48:28'),(11,59,32,'Officia optio eos sit repudiandae ipsa. Harum omnis hic odit voluptatem. Id est error aspernatur aut necessitatibus qui. Reiciendis consequuntur perferendis optio adipisci numquam.',0,1,'2017-05-17 04:49:26'),(12,81,8,'Explicabo quasi sit atque aliquid accusantium magni veniam. Sint laborum voluptatem ab placeat aspernatur dolores. Quas odit totam impedit.',0,1,'1994-12-13 05:15:03'),(13,96,54,'Aut expedita aliquam eius eos quis ea qui inventore. Consequatur similique adipisci aut consequatur voluptatibus. Molestiae cupiditate earum consequatur harum eum.',1,0,'1995-05-02 02:08:13'),(14,85,62,'Vero numquam distinctio dolor incidunt fugiat in. Pariatur alias aut animi et labore ea voluptatem. Vel et quaerat inventore aspernatur.',0,1,'2013-04-15 11:56:17'),(15,54,81,'Laboriosam voluptatem sunt ad deserunt molestias quo. Beatae aut quas iure ducimus et exercitationem. Optio sit beatae numquam velit sit. Quibusdam unde commodi ab quos sed officiis eos.',0,1,'1977-01-20 18:06:21'),(16,46,85,'Placeat omnis doloribus est. Dolorum aut repellat ut perferendis consequuntur id quas aperiam. Deleniti aut ut quis.',0,1,'1993-09-15 19:54:16'),(17,85,72,'Adipisci aut ea nihil inventore. Sunt qui at aspernatur ea maiores.',0,1,'2001-01-12 22:23:03'),(18,2,96,'Consequatur omnis eum fugiat voluptatem. Exercitationem facilis esse qui sit. Aut dolore sed ullam qui. Ut voluptatem velit veritatis tenetur perspiciatis numquam dolor. Libero perspiciatis est nemo pariatur.',1,0,'2014-06-28 17:27:07'),(19,73,74,'Ad aspernatur commodi autem. A fugit similique repellat ullam. Accusantium ut quasi consequatur saepe.',0,1,'2002-02-25 19:16:25'),(20,53,41,'Vero pariatur voluptatem vero quaerat expedita est. Similique quasi ipsa explicabo. Aut eaque quis qui ipsam. Et totam vel ea et vel officia dolores cumque.',1,0,'1971-11-21 09:21:34'),(21,45,4,'Possimus totam quia pariatur eum voluptatum in. Molestiae est officia iure est commodi quisquam sit. Et qui iure quia animi aspernatur fugiat magnam ad. Vitae culpa error molestiae ut. Voluptatem dicta et consequatur ipsam error delectus atque.',0,1,'1982-05-25 19:27:39'),(22,82,96,'Sunt molestiae ut voluptas quia nisi. Sed corrupti sed soluta maxime explicabo sunt. Quos maiores error laboriosam suscipit quia. Atque consequatur accusantium necessitatibus odit exercitationem.',1,1,'1983-03-14 10:54:33'),(23,37,95,'Consequuntur quis quia corrupti cum facilis quas fuga. Quaerat repellendus dignissimos ut. Iste quia consequatur ut.',0,1,'1992-07-07 06:58:35'),(24,66,42,'Rerum voluptatem nihil hic ut amet eum expedita. Qui impedit veritatis nemo voluptates dolores praesentium vitae beatae. Quos adipisci dolore officiis eum ut. Et ipsum eum consequatur quidem blanditiis rerum.',1,0,'1988-04-30 15:57:32'),(25,10,26,'Molestiae aliquid blanditiis officia. Et dolor sed et. Autem corporis laborum repudiandae voluptatem.',0,1,'1995-03-06 09:52:31'),(26,100,21,'Iure quis porro voluptatem perspiciatis adipisci. Reprehenderit ut in est vel vel nihil in quia. Suscipit aperiam quaerat recusandae ab suscipit. Ea impedit sint reiciendis doloremque nulla eligendi.',0,1,'1974-12-30 04:59:23'),(27,3,51,'Aut repellendus delectus aliquam sit architecto dolor est. Eos ex consectetur vero omnis ut molestiae. Aperiam animi nemo rerum at facilis consectetur.',0,1,'2005-12-17 17:02:59'),(28,47,82,'Omnis quidem dolore architecto ullam incidunt enim tenetur. Rerum alias sed voluptas quam non. Qui deserunt atque nulla omnis odit dolorem.',1,0,'2003-09-16 12:41:26'),(29,69,96,'Ut soluta perspiciatis quia nostrum et. Repellendus hic excepturi nesciunt vel. Cumque eligendi nisi magni et quo ex.',1,1,'2011-08-06 12:03:44'),(30,75,84,'Earum iure ipsam architecto cum recusandae tempora. Quae fugiat magni illo facere itaque amet consequuntur voluptas. In aut asperiores nihil consequatur labore id sed.',1,0,'1996-07-16 15:04:14');
/*!40000 ALTER TABLE `messages` ENABLE KEYS */;
UNLOCK TABLES;

--
-- Table structure for table `posts`
--

DROP TABLE IF EXISTS `posts`;
/*!40101 SET @saved_cs_client     = @@character_set_client */;
/*!50503 SET character_set_client = utf8mb4 */;
CREATE TABLE `posts` (
  `id` int unsigned NOT NULL AUTO_INCREMENT,
  `user_id` int unsigned DEFAULT NULL,
  `community_id` int unsigned DEFAULT NULL,
  `head` varchar(255) CHARACTER SET utf8 COLLATE utf8_unicode_ci DEFAULT NULL,
  `body` text CHARACTER SET utf8 COLLATE utf8_unicode_ci NOT NULL,
  `media_id` int unsigned DEFAULT NULL,
  `is_public` tinyint(1) DEFAULT '1',
  `is_archived` tinyint(1) DEFAULT '0',
  `views_counter` int unsigned DEFAULT '0',
  `created_at` datetime DEFAULT CURRENT_TIMESTAMP,
  `updated_at` datetime DEFAULT CURRENT_TIMESTAMP ON UPDATE CURRENT_TIMESTAMP,
  PRIMARY KEY (`id`),
  KEY `posts_media_id_fk` (`media_id`),
  KEY `posts_community_id_fk` (`community_id`),
  KEY `posts__user_id_fk` (`user_id`),
  CONSTRAINT `posts__user_id_fk` FOREIGN KEY (`user_id`) REFERENCES `users` (`id`) ON DELETE SET NULL,
  CONSTRAINT `posts_community_id_fk` FOREIGN KEY (`community_id`) REFERENCES `communities` (`id`) ON DELETE CASCADE,
  CONSTRAINT `posts_media_id_fk` FOREIGN KEY (`media_id`) REFERENCES `media` (`id`) ON DELETE SET NULL
) ENGINE=InnoDB AUTO_INCREMENT=201 DEFAULT CHARSET=utf8 COLLATE=utf8_unicode_ci;
/*!40101 SET character_set_client = @saved_cs_client */;

--
-- Dumping data for table `posts`
--

LOCK TABLES `posts` WRITE;
/*!40000 ALTER TABLE `posts` DISABLE KEYS */;
INSERT INTO `posts` VALUES (1,95,21,'Quia ut totam nobis ut atque ullam eligendi.','Explicabo ab aut sapiente sapiente. Cum ab voluptate nobis aut. Voluptatem aspernatur impedit eius quia dolor. Maiores sit quia fugit excepturi.',75,0,1,7530,'2013-07-24 13:27:31','2020-05-17 19:24:58'),(2,76,1,'Culpa quae iusto iste quia et repellendus.','Quis odit odit quae asperiores. Ullam necessitatibus facilis laudantium aut. Impedit qui et in magni.',75,0,1,319,'2014-07-13 02:40:40','2020-05-17 19:24:58'),(3,17,16,'Labore nostrum quo provident vero molestiae necessitatibus sit.','Aut consequuntur consequatur fuga voluptatem et doloribus libero. Iste omnis facere fugit. Voluptas voluptatem minima qui consequuntur maxime consequatur rerum.',51,1,0,6021990,'2010-11-18 11:00:07','2020-05-17 19:24:58'),(4,82,1,'Magni rerum ipsa reiciendis labore necessitatibus non iure.','Unde nemo possimus nobis. Qui itaque enim maiores repellendus. Ullam placeat debitis quia eum laboriosam eum ducimus.',29,1,0,438601,'2012-02-26 17:27:18','2020-05-17 19:24:58'),(5,52,9,'Sint eum et natus qui.','Dolore debitis voluptatibus sunt et est unde similique. Adipisci explicabo aliquid et facere dolores sed in. Accusamus doloremque est quisquam in eum rerum. Cupiditate qui qui ea asperiores ipsam est.',90,1,0,36811,'2018-01-28 05:30:35','2020-05-17 19:24:58'),(6,24,14,'Et natus explicabo consequatur.','Impedit vitae asperiores fuga magni et accusantium. Nobis delectus deleniti excepturi vero et fugit omnis voluptatibus. Consequuntur exercitationem est ipsam facere libero quo ducimus. Qui doloribus assumenda mollitia omnis.',62,0,1,702825623,'2017-09-26 09:09:12','2020-05-17 19:24:58'),(7,37,17,'Non qui est et corporis.','Ducimus unde perspiciatis placeat voluptatem rem. Aspernatur quo necessitatibus quibusdam suscipit. Sit modi maxime laborum optio temporibus repellendus. Dolore sequi aliquid molestias pariatur distinctio facere.',39,0,1,74,'2017-02-25 22:48:34','2020-05-17 19:24:58'),(8,54,19,'Id sequi aut voluptatibus nihil hic perferendis est.','Necessitatibus sed in fuga provident repellat illum. Fuga dolorum magnam non. Et nulla cumque nam voluptas in. Alias aut pariatur sequi necessitatibus alias at.',9,0,1,274,'2016-12-07 02:50:22','2020-05-17 19:24:58'),(9,60,18,'Qui vel ut id minima laborum expedita totam.','Ipsum praesentium placeat ut error nemo quaerat. Neque sed libero fugiat consequatur earum. Enim libero numquam velit. Suscipit eum cum quidem explicabo esse quos assumenda. Quia a dolores quam.',29,0,0,153,'2015-08-18 07:12:28','2020-05-17 19:24:58'),(10,57,6,'Repudiandae dolor et aut.','Et hic non cumque. Explicabo veniam velit qui accusantium. Officia sunt nobis rerum aliquam.',15,0,1,182123071,'2013-09-27 21:09:35','2020-05-17 19:24:58'),(11,83,2,'Libero voluptas dolor ut enim.','Reiciendis nihil numquam nam aut qui dolores. Praesentium soluta aut eaque est voluptatibus placeat labore error. Porro voluptatibus placeat nostrum possimus.',89,1,1,74247496,'2013-01-03 04:10:06','2020-05-17 19:24:58'),(12,99,16,'Ut officiis ex totam magni repellat dolorem labore.','Voluptas minima quo nesciunt laborum quas. Aut eveniet dolorem consectetur dolore in. Et inventore eos fugit qui sint aut animi. Qui et nihil voluptatem autem consequatur autem a.',99,1,0,105748,'2013-04-30 11:20:46','2020-05-17 19:24:58'),(13,68,25,'Expedita tenetur est atque amet rerum inventore quaerat.','Blanditiis quod ipsam facere est non quisquam possimus. Labore commodi perspiciatis asperiores rerum voluptatem earum sapiente. Quia et similique ipsa. Sunt perferendis sed qui illo pariatur fuga quae.',29,0,0,873657254,'2019-06-14 19:02:48','2020-05-17 19:24:58'),(14,89,25,'Unde rerum esse aut quis consequatur voluptatem dolorem mollitia.','Aut modi dolore voluptate consectetur dolores. Minima mollitia voluptatem velit ut eaque. Corrupti minima mollitia nisi.',47,0,1,321,'2016-09-30 00:04:42','2020-05-17 19:24:58'),(15,36,2,'Saepe qui libero doloremque dolor aspernatur a earum corrupti.','Quia nam nobis consectetur rerum ut nihil nisi. Quisquam dignissimos nesciunt quo aperiam id quis dolorum nesciunt. Ipsa tenetur nobis omnis omnis odit dolorem.',45,1,1,69465396,'2011-02-21 02:52:12','2020-05-17 19:24:58'),(16,23,6,'Consequuntur architecto illum sed delectus ut consequatur est.','Nihil illo veniam exercitationem porro perspiciatis totam. Consequatur aut in vero harum quam rerum quia. Explicabo sunt autem illo commodi. Pariatur harum perferendis dolor et magni.',87,0,1,273927418,'2019-10-28 19:04:57','2020-05-17 19:24:58'),(17,77,1,'Nam quae illo rerum officia sapiente sed maiores vitae.','Illo id cumque aut. Harum et velit nihil quibusdam magnam porro. Accusamus minima perspiciatis praesentium ipsum deserunt ducimus doloremque voluptate. Aperiam sunt autem laboriosam optio voluptates corrupti tenetur.',99,0,0,360,'2012-01-07 01:42:39','2020-05-17 19:24:58'),(18,96,10,'Assumenda quisquam vero id incidunt quia fugiat maxime.','Nisi quas laborum ex occaecati commodi laborum nobis est. Quo exercitationem consequatur cum officiis ex. Non sit officiis fugiat dolor enim velit voluptate. Deserunt quia quaerat libero fugit.',31,0,0,2623470,'2017-03-31 11:55:44','2020-05-17 19:24:58'),(19,46,22,'Est doloremque voluptas illo architecto totam voluptatibus omnis.','Quia voluptas et animi illum similique ratione id. Autem aliquam facere qui et. Qui voluptate vero molestiae non modi aliquid quos aut.',59,1,0,4233,'2017-12-31 11:33:38','2020-05-17 19:24:58'),(20,83,6,'Iure dolore eius molestias veritatis et sequi doloribus.','Ut labore aut cum facilis non. Consequatur alias aut quos. Consectetur delectus deleniti ea maiores.',99,0,1,80,'2016-12-26 19:04:13','2020-05-17 19:24:58'),(21,14,11,'Odit placeat ut et accusamus culpa enim unde.','Dolorem omnis vero quia architecto. Quos amet vel quisquam eligendi doloribus iure modi. Voluptate quo aut modi ut qui.',21,0,1,33118862,'2016-01-01 15:02:01','2020-05-17 19:24:58'),(22,89,14,'Officiis veritatis dolorum sit blanditiis.','Animi ipsum sint quo nemo qui dolorem est. Consequatur qui unde necessitatibus impedit facere. Culpa quae cumque et iste id. Facere libero illum temporibus ipsam.',7,1,0,46910712,'2017-09-26 21:37:39','2020-05-17 19:24:58'),(23,96,12,'Excepturi qui tempore et illum deleniti maxime aspernatur.','Nesciunt adipisci numquam assumenda. Dolores voluptas debitis sit illum omnis. Et dolores repellat illum adipisci ducimus minus consectetur rerum. Sequi vel asperiores est ab beatae qui.',70,1,0,6907284,'2012-08-14 10:21:03','2020-05-17 19:19:25'),(24,98,16,'Quam et enim et commodi voluptatibus aliquam.','Beatae quis magnam exercitationem ut quasi tempore. Vel ut voluptas rem neque ipsum. Debitis recusandae vitae aut voluptas rerum optio libero. Impedit ut est doloremque quo et.',28,1,1,43665,'2014-10-11 06:09:21','2020-05-17 19:24:58'),(25,72,19,'Necessitatibus magni rerum incidunt deserunt autem earum.','Et nostrum laudantium veniam harum suscipit qui libero. Praesentium mollitia dicta odit numquam officiis quam repellendus. Mollitia molestias et nihil consectetur. Ut aliquid quasi quis accusantium repudiandae repellat reiciendis. Nostrum nihil placeat voluptatem illo temporibus.',28,0,0,740,'2010-09-08 00:21:57','2020-05-17 19:24:58'),(26,36,22,'Aspernatur ad eos rerum nulla soluta doloremque.','Neque voluptatem necessitatibus facere qui. Voluptatum eveniet dolores molestias culpa. Accusamus est ab dolorem corporis corrupti dolores.',59,1,0,2117,'2018-01-07 15:20:15','2020-05-17 19:24:58'),(27,28,2,'Ut nobis doloremque ex in similique autem.','Consequatur qui et voluptatem sed id. Est optio quam ut fugiat aspernatur repudiandae. Sed dolorem fuga sint nisi nobis. Libero totam quia et velit blanditiis inventore sed.',7,1,1,573647967,'2012-04-12 00:54:12','2020-05-17 19:24:58'),(28,22,17,'Illum esse est beatae dolorem ex.','Quia dolor rerum deleniti rerum. Impedit harum corrupti dolorem fugiat et. Doloremque porro error ipsam omnis ducimus et inventore ipsum. Explicabo veniam tempore magnam dolores consequatur sed ut.',60,1,0,66527443,'2011-08-13 21:33:38','2020-05-17 19:24:58'),(29,98,6,'Eius amet officia temporibus nobis aut et voluptas.','Laudantium sed et quia ut consequatur voluptatum eum assumenda. Hic qui non earum sunt atque totam. Aliquid perspiciatis ex aut odio eos voluptatum. Sed officiis maiores nisi qui.',76,1,1,3,'2013-07-04 06:14:52','2020-05-17 19:24:58'),(30,11,1,'Illum ex fuga harum aperiam necessitatibus et quidem amet.','Error culpa aut doloremque molestias expedita saepe. Deleniti nesciunt dolores omnis recusandae id voluptatibus perspiciatis. Laboriosam placeat veniam voluptate nostrum voluptatibus eius id ad.',2,1,0,37877585,'2015-10-15 21:37:47','2020-05-17 19:24:58'),(31,83,13,'Labore non ut corrupti eos hic.','Sit unde expedita voluptatum mollitia enim unde rerum et. Dolores est animi reiciendis excepturi. Odio voluptas et omnis animi quisquam saepe sint error.',80,0,1,2012,'2015-09-11 04:40:09','2020-05-17 19:24:58'),(32,50,11,'Quod reiciendis molestiae ut magni.','Qui possimus ea omnis dolorem quam. Incidunt voluptatem numquam vel culpa. Molestias fugit ratione id molestias. Itaque ipsam rem numquam totam harum nam.',93,0,0,875441,'2018-05-27 06:48:54','2020-05-17 19:24:58'),(33,93,16,'Necessitatibus magni est ut velit nostrum.','Qui unde sit vero est. Eos eveniet quasi praesentium corporis. Aut suscipit consequatur quaerat aut quaerat quis.',24,1,1,539504,'2010-11-18 08:03:58','2020-05-17 19:24:58'),(34,33,22,'Sed nemo excepturi ea itaque enim impedit neque rerum.','Adipisci accusantium et minus architecto. Voluptas pariatur voluptatibus id quia et. Esse temporibus cum vero. Sit aut et officiis quaerat et.',41,0,0,54037,'2016-02-18 16:21:21','2020-05-17 19:24:58'),(35,31,11,'Minus voluptatibus quod dolor atque.','Omnis rem assumenda est totam. Culpa quae quia eius voluptatem. Suscipit nobis aliquam a quo ut. A doloribus veritatis sed ullam ut consectetur ratione hic.',32,0,1,167342416,'2019-07-26 12:12:51','2020-05-17 19:24:58'),(36,46,14,'Minima necessitatibus natus qui consequatur eaque quis perferendis.','Et alias non commodi repudiandae ea. Consequatur minima cupiditate qui earum odit vel. Temporibus in in qui nobis sit dolorem. Velit enim soluta ea excepturi facere illum.',36,1,0,7,'2016-04-30 00:02:33','2020-05-17 19:19:25'),(37,13,12,'Pariatur aliquam saepe vel voluptatem aut.','Earum iure eum necessitatibus est facilis. Et ab rerum nesciunt neque consequatur perferendis eius. Quia voluptatem id ut facere. Quaerat ut neque odit corrupti accusamus aut aperiam.',85,1,1,57612,'2011-01-28 19:27:31','2020-05-17 19:24:58'),(38,63,18,'Nobis suscipit vel est quo eligendi.','Provident voluptatem quisquam dolore corporis harum consequatur aliquam. Doloribus et porro ut delectus. Nesciunt quasi nihil et rerum earum sed. Ut iste natus et.',17,1,1,25233822,'2015-10-11 08:20:05','2020-05-17 19:24:58'),(39,58,4,'Labore similique aspernatur aut consequatur rem.','Magni porro ipsum et repellat nam ut rerum. Veritatis quo omnis consequuntur cupiditate. Aliquid ea omnis sed dolorem.',27,0,1,2,'2011-05-04 04:23:43','2020-05-17 19:24:58'),(40,31,14,'Et quibusdam porro perferendis eos ipsa a ea nulla.','A perspiciatis natus quas repudiandae velit. Praesentium occaecati beatae beatae debitis quasi aliquam. Quod labore repellendus dolor aut quia.',87,0,1,167,'2018-09-06 05:46:57','2020-05-17 19:24:58'),(41,60,7,'Earum ut enim pariatur a blanditiis.','Rerum sit eveniet soluta quisquam officiis. Unde consequuntur vero modi maiores. Velit rerum hic porro in sit.',50,0,0,0,'2015-02-26 22:18:48','2020-05-17 19:24:58'),(42,92,19,'Sapiente sint nobis consequatur at ab delectus.','Iure non adipisci quia aut odio et. Nihil sed numquam dicta sed enim totam. Delectus eveniet vel dolore provident.',90,0,1,912,'2014-10-13 02:57:42','2020-05-17 19:24:58'),(43,78,23,'Quis voluptatem sint illum rerum.','Amet accusantium delectus et. Omnis ullam rem molestiae est vitae eius.',99,1,1,766505403,'2018-02-03 15:57:10','2020-05-17 19:24:58'),(44,25,6,'Distinctio odit fugit aut et dolores qui quasi.','Cum qui dolorem qui dolores autem molestiae quidem sapiente. Inventore libero necessitatibus reprehenderit nemo eius dolorem. Et officia rerum quae cumque debitis laudantium. Velit adipisci voluptatibus fugit et blanditiis.',23,1,1,18254,'2018-03-20 23:06:47','2020-05-17 19:24:58'),(45,59,11,'Doloremque mollitia et quisquam aut non.','Rem nostrum sint dolorem alias unde quia. Perspiciatis vel aliquid atque molestiae omnis. Et labore voluptate quaerat dolorem. Cum ut iusto sed omnis.',19,1,1,12913,'2014-06-21 11:02:44','2020-05-17 19:24:58'),(46,75,14,'Vel qui error aut et reiciendis voluptatem.','Dignissimos sunt facilis et dolorum. Praesentium est rerum eos corporis vero laboriosam. Eius odit consequatur non.',25,0,1,0,'2018-08-07 19:00:40','2020-05-17 19:24:58'),(47,21,10,'Cum dolor nobis qui dolores nostrum.','Eveniet esse iusto quisquam omnis rerum accusantium nihil. Aut quisquam tempore consequatur sapiente unde commodi. Optio sunt aut ut reiciendis rerum non.',68,0,0,92595617,'2019-02-25 11:44:45','2020-05-17 19:24:58'),(48,30,7,'Unde eveniet ut recusandae accusantium.','Modi aut dolore corrupti quo. Qui rerum alias harum et qui. Impedit quisquam ut tempora neque amet ab.',66,1,0,941948,'2019-08-13 13:13:10','2020-05-17 19:24:58'),(49,60,5,'Sed assumenda illum ipsa autem saepe.','Porro dolorem eos aspernatur harum cum illum aut. Molestiae rerum placeat sunt sunt soluta molestiae. Non et sit officiis praesentium odit quod.',25,0,0,3,'2015-02-08 18:42:15','2020-05-17 19:24:58'),(50,16,2,'Reprehenderit earum et nesciunt.','Ipsa neque repudiandae in libero ex adipisci aut ex. Soluta aliquam blanditiis sequi vel aut ea. Unde dicta aut earum.',26,0,1,3,'2017-08-27 22:07:29','2020-05-17 19:24:58'),(51,17,19,'Molestias accusantium fugit aut est consequatur quaerat.','Illo saepe in excepturi alias odio commodi sunt. Voluptatem repellat illo quia enim. Veritatis rem in hic fugit hic corrupti quia. Nam soluta voluptas voluptate illo fuga numquam.',53,0,1,10,'2018-11-14 06:46:44','2020-05-17 19:24:58'),(52,87,14,'Et ut veritatis qui iusto voluptas.','Eveniet et non qui alias eos. Consequatur repellat minima est qui. Quia adipisci quia exercitationem consectetur.',89,1,0,9,'2015-04-11 16:30:26','2020-05-17 19:24:58'),(53,82,14,'Ea est nam velit.','Dicta recusandae delectus asperiores blanditiis. Ut pariatur quod veritatis et.',82,1,0,52,'2019-08-28 06:42:11','2020-05-17 19:24:58'),(54,44,1,'Explicabo odio quam omnis iusto ea qui magni.','Est aut iusto ut doloremque molestias possimus qui excepturi. Sed voluptatum expedita quaerat ratione nihil iusto ab. Itaque eum ea et aut culpa. Facere consequuntur qui eligendi ratione soluta ipsam.',46,0,1,6211,'2017-12-19 05:05:49','2020-05-17 19:24:58'),(55,89,11,'Assumenda consequuntur minima eveniet nihil.','Consectetur quia et aut nihil ipsam. Porro non nam quis eos soluta voluptate quisquam. Ipsa tenetur et iure vel minus omnis. Qui ullam adipisci ab numquam.',84,1,0,1009270,'2017-10-19 13:39:17','2020-05-17 19:24:58'),(56,71,3,'Quia magni voluptatibus architecto dolor.','Vel dicta consequatur non velit et voluptatem dicta. Nihil nulla est molestiae nihil veniam. Voluptas officia qui fugiat in cupiditate.',79,1,0,34,'2012-01-28 22:07:58','2020-05-17 19:24:58'),(57,90,7,'Aut expedita in eos et dolorem est nihil dolor.','Quasi sed praesentium culpa id. Sit deserunt nihil impedit nostrum ducimus.',41,1,1,43606,'2012-09-27 17:33:43','2020-05-17 19:24:58'),(58,28,1,'Et fugit maiores at alias fugiat expedita.','Recusandae vel vitae consequatur nulla dolor. Ex quod voluptas quia. Molestiae numquam facilis magni doloremque vel quo minima. Eaque ducimus est pariatur voluptas.',70,1,0,147199,'2019-03-14 12:37:03','2020-05-17 19:24:58'),(59,47,9,'Ab veritatis debitis suscipit architecto assumenda voluptatem veniam.','Eos autem eaque aliquid laudantium voluptatibus. Qui vel ab ullam voluptatibus quam nihil. Ut qui illum voluptas omnis.',28,0,0,446597514,'2017-07-07 07:10:44','2020-05-17 19:24:58'),(60,26,15,'Ut vero ea eveniet sint.','Fuga dolore molestiae eaque ab aut. Tempore voluptates id ipsum molestias quia quam vel aperiam. Voluptatem harum dolores et ullam eos id tempore minus. Iusto laboriosam est atque eveniet eius quae voluptates. Officia aut sunt placeat quasi non assumenda.',27,1,1,5,'2012-04-02 13:11:42','2020-05-17 19:24:58'),(61,62,23,'Ut ad sequi in et explicabo incidunt suscipit.','Dolorum harum et sunt accusamus officiis sunt a. Commodi repellendus expedita autem nulla. A laborum est cumque voluptas id at voluptas. Odit ratione libero enim consequatur vero.',49,0,1,20959,'2011-12-08 19:48:50','2020-05-17 19:24:58'),(62,83,20,'Ut omnis minus qui.','Facere exercitationem optio qui illum. Qui dolorem quisquam placeat qui cum maiores.',66,0,1,0,'2015-10-16 15:14:25','2020-05-17 19:24:58'),(63,56,6,'Repellat expedita sint quasi consectetur quia dolorem cum velit.','Ducimus libero magnam quisquam laboriosam. Quasi enim molestiae aut natus corporis. Et eum id quo dolorem. Nemo sit omnis vitae vero voluptatum aut. Qui quos qui magni architecto.',83,0,1,9,'2015-04-14 14:34:05','2020-05-17 19:24:58'),(64,97,17,'Temporibus ex esse perspiciatis magni.','Vel facilis autem voluptas odit. Aperiam maiores aut perferendis illum dolores et officiis. Quia nihil autem consequatur deserunt.',14,1,1,75743,'2012-04-16 00:24:25','2020-05-17 19:19:25'),(65,58,18,'Libero non dolores cupiditate excepturi mollitia.','Aspernatur porro numquam asperiores illo iste est inventore. Iusto modi dolor repellendus est ratione tenetur earum.',23,1,0,761334735,'2011-02-08 14:17:20','2020-05-17 19:24:58'),(66,46,13,'Et est sed aliquid rerum.','Et in laudantium doloremque soluta et nam alias. Omnis nihil repudiandae vel nihil corporis. Culpa nemo nam voluptatem deserunt reiciendis. Qui est ut odio distinctio modi eum.',72,1,1,79755,'2017-10-10 07:35:10','2020-05-17 19:24:58'),(67,30,9,'Ullam ab quas maiores aut aliquam.','Qui et similique doloribus qui. Perferendis consectetur nulla officiis quisquam ab vel molestiae. Earum tenetur impedit id. Quibusdam itaque eaque omnis voluptatum tempora.',90,0,0,54268216,'2014-03-18 03:31:14','2020-05-17 19:24:58'),(68,64,7,'Sed rerum quo expedita tempora accusamus non.','Impedit tempore libero exercitationem assumenda dolorem. Odio et voluptas molestias dignissimos. Non delectus consequatur ut animi ratione ex et. A qui aliquam sit et recusandae voluptatem.',35,1,0,78297,'2011-12-31 16:47:56','2020-05-17 19:24:58'),(69,35,7,'Ea fugit qui modi.','Totam et quae debitis eligendi veritatis. Iste omnis officia vel. Totam qui et id nisi quis impedit unde illo. Sit et molestiae repudiandae eius eum. Sed neque inventore aperiam ipsam provident magni.',2,1,0,0,'2017-01-24 03:45:53','2020-05-17 19:24:58'),(70,50,15,'Ut voluptatem tenetur nostrum sed.','Non omnis omnis tempore quia qui. Qui distinctio aut voluptate cupiditate nam non cupiditate. Eligendi nesciunt qui corporis error alias iure illum.',5,1,0,67430862,'2012-09-04 23:07:57','2020-05-17 19:24:58'),(71,29,1,'Beatae dolores veniam ut.','Voluptatem est id quia voluptatibus vero animi officia ut. Laudantium odit ullam quis vel ut. Quaerat repellendus numquam omnis saepe qui incidunt minus. Aut dolore suscipit ut harum sapiente nam.',20,0,0,14,'2014-10-28 12:46:45','2020-05-17 19:24:58'),(72,38,10,'Asperiores voluptate numquam sit tempore quia consequatur.','Eveniet sed voluptas consequatur occaecati ipsa voluptatem. Et ab fugit eius impedit odit. Dicta expedita earum molestiae nihil est.',84,0,1,20063,'2019-12-23 20:34:27','2020-05-17 19:24:58'),(73,99,21,'Possimus dolor rerum nihil id ratione aut.','Occaecati in quia ratione. Est quasi reiciendis aliquam esse quam soluta rerum esse. Asperiores tenetur cum dolores aliquam eaque earum voluptatem. Quia aperiam officiis ut totam omnis rerum quo.',60,0,0,870547,'2010-07-23 16:19:39','2020-05-17 19:24:58'),(74,26,24,'Mollitia aliquam nostrum necessitatibus nihil.','Distinctio distinctio dolore sint et ut est. Saepe est officia voluptates doloremque molestias qui. Officia dolorem in corrupti nobis eligendi rerum omnis.',48,1,0,0,'2018-08-23 10:48:49','2020-05-17 19:24:58'),(75,94,7,'Facilis officia aut iste et sint qui et rem.','Et velit ut omnis porro sequi cupiditate eum. Repellat necessitatibus deserunt quo praesentium repellendus repellendus excepturi itaque. Est eius libero corporis non assumenda doloribus.',57,1,1,94,'2016-05-11 03:19:26','2020-05-17 19:24:58'),(76,1,11,'Facilis incidunt quidem ipsam illo.','Aut non quisquam voluptates qui dolore necessitatibus ipsam. Vitae qui est culpa dolorem sit vel rerum. Fugit asperiores sit tenetur exercitationem qui.',41,0,0,25712864,'2018-02-02 14:20:20','2020-05-17 19:24:58'),(77,8,11,'Voluptatem neque vitae sapiente occaecati dolor assumenda.','Illo consectetur perferendis nobis. Magni quaerat qui consequuntur eum corrupti dolorem. Magnam voluptatibus doloribus aperiam dolor.',35,1,1,640804,'2010-06-07 15:49:24','2020-05-17 19:24:58'),(78,46,20,'Consequatur modi quod culpa aut.','Quo libero distinctio quis repudiandae. Voluptas tenetur voluptas in. Fuga quas ipsum quos maxime culpa ducimus necessitatibus. Assumenda voluptatem natus et nesciunt assumenda dolorum.',52,0,1,1281,'2013-05-06 23:20:16','2020-05-17 19:24:58'),(79,70,17,'Non blanditiis sed laborum aperiam nobis sit qui.','Quaerat possimus explicabo repellendus reprehenderit. Repudiandae quaerat eos omnis provident maxime. Architecto culpa dolorum deleniti placeat voluptas exercitationem.',55,1,1,5,'2017-10-12 00:34:49','2020-05-17 19:24:58'),(80,67,22,'Cupiditate et corrupti voluptatem quis dignissimos qui fugiat consequatur.','Ullam architecto corrupti ad. Itaque hic molestiae totam dolores molestias sint. Cupiditate sapiente rerum sit in repellat. Suscipit consequatur deserunt in et aut.',19,0,0,787815191,'2013-07-03 03:40:31','2020-05-17 19:24:58'),(81,55,12,'Distinctio corporis quis recusandae sint velit.','Aut reprehenderit odit est corporis rerum praesentium repellat. Facilis enim fugiat error. Aperiam eaque dolor accusantium a rerum commodi. Odit ut enim exercitationem.',27,1,1,261956159,'2018-07-16 18:04:48','2020-05-17 19:24:58'),(82,22,18,'Est et quos corporis voluptas qui.','Quod reiciendis molestiae consequatur ipsa omnis quo consectetur. Qui ipsa quis qui natus exercitationem. Vitae nihil molestias dignissimos et.',77,1,1,3306104,'2018-05-05 10:09:19','2020-05-17 19:24:58'),(83,13,1,'Atque velit quia sequi reprehenderit fuga non.','Numquam fuga velit illo hic maiores. Dignissimos quam eligendi fuga. Quae corrupti sint at quis corrupti. Eveniet optio vel fugit consequatur odit occaecati eum non. Nihil dicta eligendi ea voluptatibus et.',4,0,0,61140,'2018-11-30 19:01:02','2020-05-17 19:24:58'),(84,98,2,'Voluptatum occaecati dolores et excepturi quia aut mollitia totam.','Quae qui quia vel ex ullam. Molestias architecto numquam consequatur deleniti at vel sit. Sit ea quaerat magni eius.',90,1,1,0,'2018-11-09 16:08:52','2020-05-17 19:24:58'),(85,16,7,'Rerum non minima mollitia aspernatur optio ipsam a vitae.','Fuga aliquid et molestias natus. Fuga soluta dignissimos qui quo molestiae odit. Provident qui veniam quasi ea. Cupiditate minus numquam dolores maxime dolor sit quia.',35,0,1,9,'2011-04-06 09:32:10','2020-05-17 19:24:58'),(86,73,2,'Aut non ab voluptas consequatur provident amet.','Provident odio sit quos nihil laborum. Veritatis id nisi aliquam natus. Similique nemo quia voluptatem soluta rerum.',7,1,0,0,'2013-10-08 13:58:42','2020-05-17 19:24:58'),(87,88,13,'Quis quas quis asperiores deleniti iusto ratione.','Explicabo omnis debitis non qui. Corrupti officia tempora et aut id maiores. Aut sunt nisi dolor nesciunt.',27,1,0,48642,'2011-10-10 20:29:18','2020-05-17 19:24:58'),(88,91,9,'Recusandae quia quasi aperiam molestias eos sed nam.','Deserunt modi rem laboriosam reprehenderit est eius dolorum. At perspiciatis rem repellendus commodi nisi aliquid. Sit qui quod est aut.',13,0,1,97,'2017-05-28 11:40:02','2020-05-17 19:24:58'),(89,55,4,'Omnis qui ea dignissimos quaerat pariatur velit illum quaerat.','Eligendi dolores eum minus voluptas officia facilis. Eum dolorem quia natus dolores quo adipisci et consequuntur. Commodi ab est iste velit.',86,1,1,52,'2018-07-14 18:47:05','2020-05-17 19:24:58'),(90,63,20,'Blanditiis nisi dolore sit enim voluptates ullam rem necessitatibus.','Et magnam quidem sequi alias maxime. Occaecati nam reprehenderit facilis eius. Sit officia temporibus alias in.',88,0,1,606,'2014-02-02 23:39:55','2020-05-17 19:24:58'),(91,22,12,'Qui iste quis rem quisquam est.','Quis pariatur labore id id porro qui. Dolorem reiciendis quis eligendi quia culpa ipsa sunt. Deserunt laudantium ut in quidem minima provident. Veritatis corporis non qui provident.',82,1,1,540,'2015-06-23 22:12:51','2020-05-17 19:24:58'),(92,16,24,'Non facere magnam architecto optio consequatur quos eos aut.','Autem consequatur rerum qui. Est molestias eveniet eos dolore. Eligendi necessitatibus officia voluptatum modi repellendus. Reiciendis adipisci sit in officiis.',47,1,1,5707,'2015-12-21 10:51:08','2020-05-17 19:24:58'),(93,55,10,'Ipsa odit est sunt nisi itaque quas et.','Atque esse sit quisquam accusamus ipsa. Et qui iure ex voluptatum qui iure. Illum quia blanditiis fugit dolores autem temporibus sit. Eligendi eveniet recusandae vitae velit.',89,1,0,696830815,'2015-03-10 07:30:46','2020-05-17 19:24:58'),(94,24,1,'Quibusdam dolores cupiditate voluptas.','Nesciunt ut possimus soluta aut nisi aut fugit quibusdam. Voluptas ullam incidunt occaecati quam ut fugit. Mollitia qui rerum odio totam excepturi.',1,0,1,904894,'2012-08-12 10:11:23','2020-05-17 19:24:58'),(95,43,23,'Consectetur dolor ducimus vel ut omnis delectus.','Non ratione provident cumque. Laudantium sapiente ipsam error sed et. Veritatis enim cupiditate error omnis magni nihil assumenda. Molestiae voluptatem quas itaque sunt laudantium.',37,0,0,0,'2012-10-12 18:06:33','2020-05-17 19:24:58'),(96,84,13,'Ea adipisci qui sint dolores.','Harum sed in nihil dolores. Reiciendis labore eum sed tenetur quam. Sint reiciendis aut in fuga quisquam sed culpa officia. Eius ea debitis sunt nam aut reprehenderit.',82,0,1,3,'2017-08-31 05:06:56','2020-05-17 19:24:58'),(97,41,21,'Placeat quo est aut molestiae.','Et dolor reprehenderit debitis cumque suscipit velit eum. Eius eos asperiores asperiores. Enim quis dolorum accusamus alias. Quos dolore iure est asperiores. Aspernatur non voluptate mollitia laboriosam libero molestias.',99,1,1,70200,'2019-06-30 03:14:44','2020-05-17 19:24:58'),(98,76,14,'Quidem nulla soluta quo ducimus.','Ut ut placeat et doloribus. Eum totam ab reprehenderit minus rerum. Odio similique distinctio possimus nulla.',47,0,1,8481026,'2015-06-09 11:49:56','2020-05-17 19:24:58'),(99,17,6,'Placeat quis possimus et qui.','Doloremque eos quia omnis mollitia. Omnis nulla esse architecto. Voluptates amet quia dolor unde. Excepturi et iusto molestias magni et corrupti nihil.',36,0,0,922175,'2014-06-23 07:47:55','2020-05-17 19:24:58'),(100,80,13,'Quia dolores nesciunt id officia.','Facere magni est maxime consequatur quis quia ullam. Et vel consequuntur deserunt. Eaque ea praesentium sint maxime et. Rem ut enim officia hic excepturi aliquam non.',42,1,0,9301,'2017-03-14 23:02:24','2020-05-17 19:24:58'),(101,30,20,'Accusamus officiis voluptatem sequi quasi ea iusto.','Temporibus numquam repudiandae voluptatem saepe consequatur. Rerum quia provident et odio.',1,1,0,88077,'2015-08-08 13:39:59','2020-05-17 19:24:58'),(102,86,12,'Velit earum dolore eos incidunt.','Quam nam est inventore porro a qui qui qui. Nisi sint animi itaque cupiditate. Omnis molestiae amet perspiciatis et non.',76,1,0,6,'2012-01-24 05:44:22','2020-05-17 19:24:58'),(103,76,24,'Incidunt blanditiis rem nesciunt temporibus qui ipsa in.','Nulla perspiciatis eum delectus consectetur aliquam suscipit. Commodi omnis qui architecto sit eius ea. Non quibusdam nam odit eos.',78,0,1,43940,'2016-01-13 00:07:51','2020-05-17 19:24:58'),(104,84,8,'At qui dolorem quia repellat consectetur.','Qui eaque error quis aliquam voluptatem accusantium. Quis sed reiciendis occaecati tenetur dicta voluptatibus delectus. Hic molestiae ad nemo error dolorum voluptatum dolorem.',61,0,0,233,'2011-06-24 08:31:49','2020-05-17 19:24:58'),(105,23,16,'Nostrum odit nulla beatae eum delectus quia enim.','Similique aut totam quasi ipsa facilis qui quidem dolorem. Ut quas aut non tempore. Hic cumque id non voluptatem dolorem.',71,0,1,598361534,'2012-05-28 22:10:27','2020-05-17 19:24:58'),(106,13,9,'Sed aperiam voluptas illo dolorum amet voluptate vel.','Amet et et dolor neque laborum eligendi. Et aut nemo nulla ut veniam.',73,0,0,66,'2014-06-21 08:39:07','2020-05-17 19:24:58'),(107,5,18,'Et et voluptatem nobis dolores.','Quasi ducimus nulla modi et. Iusto incidunt odio minima cumque unde. Molestiae ratione doloremque provident et unde et dolore possimus.',51,1,0,228,'2019-04-29 02:15:48','2020-05-17 19:19:25'),(108,60,16,'Delectus optio et molestiae quaerat similique esse dignissimos culpa.','Veritatis deserunt quia vitae vel non totam est consequatur. Perspiciatis voluptas laudantium delectus. Fugit quia debitis non ea nihil eum. Blanditiis magni dolores molestiae quisquam dolorum et porro.',34,0,0,0,'2013-10-03 01:08:16','2020-05-17 19:24:58'),(109,50,23,'Rem veniam omnis sunt id eveniet hic animi et.','Est repellendus corporis illo. Voluptatibus non quis porro. Quibusdam itaque a aspernatur molestias ipsa sed.',18,0,1,5,'2012-01-10 22:38:04','2020-05-17 19:24:58'),(110,96,15,'Dignissimos voluptatem iure ratione.','Aut omnis deserunt occaecati laudantium. Minima molestiae vel tempora sit nemo.',87,0,1,7397,'2015-05-26 17:45:00','2020-05-17 19:24:58'),(111,64,8,'Repudiandae commodi ut ab exercitationem.','Laborum ex optio fuga perspiciatis dicta. Quia sed repellat labore sit. Minima natus doloremque aut aut suscipit. Veniam sed sit dicta amet sed quasi. In est praesentium voluptate temporibus.',80,0,0,69018481,'2013-11-17 05:09:12','2020-05-17 19:24:58'),(112,59,18,'Ut eligendi accusantium maxime maxime maxime ab laudantium.','Provident reprehenderit ipsa dolorem quia. Illum consequatur aut corrupti perspiciatis hic rem autem velit. Exercitationem occaecati voluptatem ducimus nemo earum.',39,0,1,2753,'2012-02-20 05:07:05','2020-05-17 19:24:58'),(113,43,16,'Facilis facilis quam voluptas sed alias non.','Aspernatur temporibus a non voluptatem. Suscipit sit sed ut occaecati labore doloribus veniam. Fugiat ut vel animi aspernatur. Qui quia sint et.',56,1,0,40,'2016-01-24 10:10:58','2020-05-17 19:24:58'),(114,8,24,'Dolor consequatur nulla autem rerum numquam deleniti qui.','Labore unde accusamus enim saepe tempore fugiat. Ex similique officia provident sunt magni mollitia eaque. Eum ipsam facilis voluptas cumque.',61,0,1,14560857,'2013-11-19 20:53:28','2020-05-17 19:24:58'),(115,49,22,'Qui sed cupiditate nihil incidunt est magnam.','Repellendus aperiam voluptates dolore id. Maxime aut ad quam iure. Nisi recusandae voluptatum porro. Assumenda vitae est dolor quae in fuga.',35,1,0,3702,'2015-03-18 02:02:28','2020-05-17 19:24:58'),(116,51,12,'Veritatis iusto quo et excepturi ex animi.','Ab pariatur consequuntur quia ipsa aliquam ea eum. Voluptas incidunt ut doloremque at nostrum quas mollitia. Deleniti architecto molestiae quae delectus. Voluptatem eveniet voluptates et et. Praesentium et cum nulla voluptate.',92,1,1,9077440,'2013-10-20 00:57:15','2020-05-17 19:24:58'),(117,67,20,'Totam fuga autem sed enim pariatur accusantium.','Nesciunt assumenda voluptatem delectus. Est laudantium vitae et aspernatur laboriosam rerum.',54,1,1,8482,'2019-07-13 05:13:02','2020-05-17 19:24:58'),(118,36,14,'Natus perferendis voluptatum dolorum quibusdam tempore voluptatibus dolor velit.','Eaque laudantium dolorum voluptatibus recusandae voluptatum et. Nostrum incidunt quisquam accusantium modi et possimus. A natus aut iste quis quia. Assumenda placeat sed excepturi voluptate ea hic alias sed.',96,0,1,142597844,'2018-08-06 13:02:02','2020-05-17 19:24:58'),(119,62,11,'Odit assumenda sint magni.','Placeat saepe fugiat tempore exercitationem occaecati ut. Illo rem exercitationem quis assumenda voluptate. Culpa ut ut dolor non ut.',17,1,0,508,'2013-02-10 23:27:34','2020-05-17 19:24:58'),(120,10,10,'Eaque vel exercitationem nobis qui illum.','Sed est et vel corrupti. Nobis nihil aut provident. Debitis beatae velit nihil voluptatem. Velit aperiam earum reprehenderit nihil.',98,0,0,744,'2015-07-08 16:49:31','2020-05-17 19:24:58'),(121,62,17,'Voluptas unde tempore pariatur sit vel asperiores eligendi cum.','Sit sapiente vel optio impedit cumque expedita facilis. Ea et quia quisquam ab quaerat sit. Unde exercitationem dolor quae aut maxime libero ut.',37,1,1,947947,'2014-08-16 18:12:06','2020-05-17 19:24:58'),(122,52,3,'Nihil accusantium dolorem modi illo aut ut enim.','Aliquid beatae nobis incidunt quod ex laudantium accusamus ratione. Dolor occaecati rerum aut qui quibusdam eum occaecati. Delectus aut totam consequuntur velit tempora.',89,0,1,13,'2012-11-24 11:51:39','2020-05-17 19:24:58'),(123,45,16,'Minus culpa enim magnam nisi.','Non eos tenetur accusantium. Consequuntur et asperiores autem vitae animi autem. Nisi fuga facilis molestias blanditiis numquam consectetur quae.',33,0,1,3361,'2017-09-28 22:06:25','2020-05-17 19:24:58'),(124,58,18,'Ut atque quia quasi aut.','Eligendi voluptatum magni repudiandae. Et cumque autem voluptatum accusamus ut. Consectetur labore illo rerum non molestiae at nihil.',100,1,0,8648,'2019-03-21 11:06:46','2020-05-17 19:24:58'),(125,81,17,'Quaerat sunt enim enim vel non autem temporibus.','Voluptas quas laboriosam commodi unde qui rem ut occaecati. Iste eligendi culpa eum. Assumenda maiores quod facere ex et. Corrupti velit repudiandae facilis tempora et.',1,0,1,648,'2017-03-27 15:12:56','2020-05-17 19:24:58'),(126,62,7,'Minus consequatur qui repudiandae itaque at illum.','Ipsa quo aut eos quidem. Nisi odit qui et eum iure quidem. Dolores at ut quis.',3,0,1,1,'2017-01-21 05:51:56','2020-05-17 19:24:58'),(127,29,10,'Distinctio ex error voluptas laborum voluptas sit.','Voluptatum deleniti et saepe ex ipsum vel et et. Quae molestias odio vitae est aut nihil quia qui. Doloribus quidem rerum earum nesciunt voluptatem blanditiis dolores sunt.',10,0,1,9,'2013-10-22 08:17:56','2020-05-17 19:24:58'),(128,40,1,'Explicabo sequi amet hic incidunt.','Ab id est dolor amet. Quam qui veniam magni ratione sunt officia expedita. Eligendi minus praesentium recusandae quo. Quis et hic architecto distinctio nostrum magnam laboriosam.',42,0,0,6278,'2017-04-02 06:27:28','2020-05-17 19:24:58'),(129,38,24,'Animi ullam vel est omnis porro sint.','Accusantium corrupti architecto fugit adipisci dolor eum numquam fuga. Facilis in ullam vel. Et sunt sit et maiores qui itaque. Quibusdam et nisi ipsum recusandae.',80,1,1,0,'2011-01-26 06:11:01','2020-05-17 19:24:58'),(130,9,16,'Omnis eaque quia sunt hic consequatur.','Excepturi in quia odit in iusto dolores rerum. Unde iste eos tempore dolorem voluptatem sint. Officiis voluptate nisi cumque nobis.',73,1,1,2022766,'2013-03-24 09:56:13','2020-05-17 19:24:58'),(131,76,10,'Natus sit praesentium ipsum est est dicta dignissimos.','Maxime excepturi aut nihil expedita commodi omnis vel amet. Veniam nulla quam quo provident. Quia eligendi repellendus consequuntur mollitia repellendus aut.',22,0,0,14277372,'2019-07-25 15:10:54','2020-05-17 19:24:58'),(132,14,2,'Est omnis quas atque sapiente ut eos.','Enim odio qui autem distinctio aliquam occaecati ipsum laboriosam. Rem est perspiciatis aperiam. Qui impedit necessitatibus dolores quos qui pariatur adipisci.',94,0,0,547108962,'2010-09-08 03:38:46','2020-05-17 19:24:58'),(133,31,4,'Voluptatem est consequatur impedit quam quibusdam consequatur quisquam labore.','Aliquam voluptatem quo et magni. Eos fuga dicta vel dolorum. Quo quos hic non nisi laudantium quos et. Alias sapiente asperiores hic provident repellat aut ut iure.',4,0,0,4464643,'2013-03-29 13:40:47','2020-05-17 19:24:58'),(134,4,15,'Iste consequatur recusandae non repudiandae nesciunt aperiam excepturi.','Itaque vel dignissimos ab autem labore dolore blanditiis. Neque quam unde inventore. Inventore ut consectetur aut aperiam ut. Exercitationem voluptatem libero eos ut consequatur ullam.',35,0,0,20411,'2017-04-27 02:35:55','2020-05-17 19:24:58'),(135,38,12,'Et a voluptatem ullam excepturi cum id cupiditate.','Earum commodi magnam nihil amet ea dolore. Quibusdam numquam id consectetur quia ea. Distinctio vitae non deserunt nisi voluptatum consequuntur adipisci sunt.',62,1,1,239604,'2014-01-10 01:27:38','2020-05-17 19:24:58'),(136,94,12,'Vero sit veniam qui perferendis inventore excepturi repellat et.','Quia illo et explicabo rerum est cum. Soluta officia distinctio non vitae placeat exercitationem. Repellendus maxime nesciunt est.',5,0,1,437,'2015-01-12 06:33:40','2020-05-17 19:24:58'),(137,98,25,'Sint assumenda nobis nulla voluptas iste.','Dolore architecto consectetur ipsum in porro. Modi dolor dolorum dolorum quia ut.',37,0,1,10,'2012-01-04 09:43:18','2020-05-17 19:24:58'),(138,43,12,'Qui impedit autem ut eos voluptate omnis est voluptatem.','Et maiores cumque quis enim nemo qui. Reiciendis nostrum veniam ut et cum aliquam recusandae enim. Ullam et impedit eligendi et.',71,0,0,439984558,'2017-12-16 18:11:59','2020-05-17 19:24:58'),(139,98,11,'Deleniti doloribus qui nisi et nam quidem sit.','Odit omnis autem accusamus sit earum qui. Dolorum ea nemo qui non numquam libero optio. Voluptas voluptas vel facilis qui officia labore placeat expedita.',45,1,0,955,'2015-08-28 07:47:06','2020-05-17 19:24:58'),(140,77,19,'Quo non dolor porro modi autem commodi consequuntur repellat.','Est dolores molestiae perferendis velit et. Placeat pariatur dolorum sit et. Dolorem asperiores consequatur et minima est quia quo voluptate.',11,1,0,47896,'2010-11-04 10:53:48','2020-05-17 19:24:58'),(141,16,13,'Quasi cumque aut non blanditiis ipsam.','Velit rem sequi ea omnis. Recusandae blanditiis adipisci sequi omnis et doloremque facere. Non id ut fugit voluptate voluptatibus enim. Tempore est aut omnis omnis fugit.',20,0,0,6,'2017-07-22 18:44:50','2020-05-17 19:24:58'),(142,21,5,'Voluptas modi aliquid dicta aut.','Sequi qui consequuntur et repudiandae nostrum ut rerum. Et ex ea consectetur eaque. Magni magnam porro reprehenderit sapiente voluptatem quod dolore.',65,0,1,5561530,'2011-05-17 15:04:56','2020-05-17 19:24:58'),(143,50,12,'Sint quo debitis consequatur ea porro est.','Est vitae quis fuga laboriosam alias. Accusantium est consequatur aut nesciunt eaque illo qui. Temporibus dolorem eos quo. Quas non quam aut consequuntur.',64,1,0,0,'2016-08-20 08:42:34','2020-05-17 19:24:58'),(144,96,18,'Libero libero iusto nostrum dolores nesciunt.','Rerum velit quis non et. Suscipit sed ad veniam sunt tempora et recusandae est. Aut iste fugit laudantium ea et odit. Ipsum ab occaecati aspernatur perferendis possimus quaerat commodi.',26,0,0,624407,'2010-08-17 18:05:44','2020-05-17 19:24:58'),(145,27,3,'Molestias velit porro quo quibusdam doloribus nihil sapiente.','Deleniti illo facilis aut sed reprehenderit sit et. Molestias necessitatibus non nihil occaecati quae in dolor. Sed odit necessitatibus consequatur et aut veniam ut eum. Sint est aperiam labore maxime maxime.',35,1,0,540765,'2019-05-24 21:35:59','2020-05-17 19:24:58'),(146,9,12,'Autem quasi sunt ab nobis.','Est et non odit non recusandae aliquam inventore. Qui ipsa illo officia itaque beatae. Odio sequi et esse consequatur veniam dicta. Voluptatum nobis dolor quas ex voluptatem consequatur.',100,1,1,397,'2016-12-11 15:59:09','2020-05-17 19:24:58'),(147,14,24,'Occaecati temporibus dolor consequuntur eos reprehenderit dolorum qui aut.','Ut provident dolores eum odit ipsa. Excepturi incidunt odit porro hic. Voluptatem et dolore fugiat veniam. Et occaecati ducimus in nihil consequatur nobis.',91,0,0,512597437,'2014-10-25 05:08:41','2020-05-17 19:24:58'),(148,1,8,'Iusto optio saepe nesciunt qui numquam sit qui et.','Quos et qui optio aspernatur repellendus. Cumque incidunt odio debitis veniam. Est provident placeat omnis. Nesciunt aliquam quaerat est nulla.',56,1,0,624746,'2017-09-27 06:42:01','2020-05-17 19:24:58'),(149,53,18,'Qui quaerat maxime aut labore et.','Quia aut iure accusantium modi. Enim quidem laboriosam molestiae possimus quisquam aut eos est. Repellendus tempora numquam esse accusantium sit. Optio veritatis consequatur laborum officia.',6,1,1,11012248,'2012-08-19 10:58:51','2020-05-17 19:24:58'),(150,9,14,'Eligendi maiores hic qui numquam cupiditate quas sint.','Rerum voluptatibus non qui aut. Dolor doloribus omnis enim debitis. Numquam suscipit totam quisquam eum. Quo aut totam aut sint incidunt qui consequuntur.',63,0,0,5272905,'2010-07-05 03:14:09','2020-05-17 19:24:58'),(151,83,17,'Et mollitia quia rerum fugiat ducimus.','Totam occaecati alias culpa alias. Dolores corporis vel non ad minima voluptatum. Sunt cumque voluptates harum in et aut culpa. Earum rerum sit amet qui omnis. Inventore ad accusantium id quia iure consectetur.',96,1,1,7957,'2011-06-29 15:12:43','2020-05-17 19:24:58'),(152,80,15,'Rerum non magnam omnis impedit voluptatem quas sint consequatur.','Repellat itaque maxime nam distinctio. Excepturi quae est distinctio voluptatem et quam provident. Dolor minus laudantium modi sit omnis ut.',92,0,0,66312,'2018-12-20 04:40:29','2020-05-17 19:24:58'),(153,4,1,'Tenetur accusantium quis distinctio dolores perspiciatis.','Ratione dignissimos ducimus omnis. Debitis laboriosam et esse commodi. Animi ut non dolor cumque. Dolorem qui facere excepturi laborum animi dicta.',70,1,0,0,'2020-01-31 16:21:36','2020-05-17 19:24:58'),(154,39,8,'Repellendus ipsum magnam ut deserunt.','Deserunt aut et est ut iste sed voluptas. Mollitia labore distinctio sed eaque eaque quam dolores. Aut ad et dolor omnis cupiditate explicabo.',75,1,0,147517254,'2015-09-11 17:27:11','2020-05-17 19:24:58'),(155,36,12,'Et reiciendis ut dolor.','Atque sint qui odit fugit est quos. In ut perferendis et non tempore aliquid. Atque eos expedita dolores quia id. Perferendis praesentium totam deserunt sequi sapiente consequatur.',64,0,1,4768295,'2016-11-15 18:48:46','2020-05-17 19:19:25'),(156,67,13,'Deserunt dolor dolorem ullam dolorem velit dolor.','Ipsam impedit et tempora sint blanditiis esse nam. Eum placeat voluptas eius commodi sapiente molestias. Quia ipsum odit voluptate eum molestiae quidem sapiente.',92,0,1,0,'2018-10-27 05:26:31','2020-05-17 19:24:58'),(157,29,25,'Esse omnis est sit nulla voluptas in.','Suscipit atque enim possimus doloremque eveniet debitis. Quis excepturi distinctio mollitia esse dicta tempora debitis. Sed molestiae officiis nihil dolor qui ullam. Amet modi aut quos cum.',70,1,1,2,'2011-02-23 12:14:40','2020-05-17 19:24:58'),(158,36,13,'Eius error qui dolorem blanditiis soluta.','Libero qui expedita vero sed similique possimus. Ducimus et iure debitis ea illum placeat dolor. Maiores delectus natus molestiae aut.',74,0,1,7811,'2017-09-14 20:39:46','2020-05-17 19:24:58'),(159,17,15,'A tenetur ullam deserunt est.','Magnam ad officiis dolor adipisci nihil accusamus placeat officiis. Itaque omnis neque dolorum. Omnis perferendis ut qui sunt.',58,0,0,53096266,'2014-07-30 06:25:03','2020-05-17 19:24:58'),(160,36,8,'Animi velit sit quia tempora.','Dolores totam temporibus eius est perferendis. Inventore quia omnis consequatur sunt ut doloribus omnis doloribus. Et et possimus voluptatem quibusdam animi maiores quidem. Optio laboriosam et praesentium.',68,1,0,71,'2014-07-28 01:30:02','2020-05-17 19:24:58'),(161,51,20,'Maiores deleniti et pariatur ducimus veritatis et asperiores.','Dolores sed soluta hic nostrum ad fugit. Ut animi eum vitae voluptas esse. Omnis quis nostrum magnam neque blanditiis qui omnis.',66,1,1,718,'2015-01-10 03:35:48','2020-05-17 19:24:58'),(162,75,25,'Inventore omnis rem soluta perspiciatis repellat commodi.','Qui reiciendis occaecati ea error enim aut nobis. Temporibus modi et dolorum explicabo nam.',27,0,1,365,'2014-08-12 22:33:58','2020-05-17 19:24:58'),(163,5,15,'Exercitationem ut consequatur neque vel.','Hic deserunt error dolores perferendis expedita consequatur voluptatem. Quaerat et aut quisquam veniam totam tempora. Autem animi omnis quam neque fugit atque.',33,1,0,0,'2015-05-03 14:37:29','2020-05-17 19:24:58'),(164,26,23,'Est ut fuga asperiores culpa debitis deleniti.','Quia cumque qui quo eius autem et. Ex possimus ut consequatur omnis reiciendis esse rerum eum. Nihil repellat quia minima id. Minus voluptas iste soluta et. Voluptates tenetur fugit consequatur nostrum quas nam et.',86,0,1,376,'2013-11-28 14:09:51','2020-05-17 19:24:58'),(165,45,20,'Et quia labore dolor eaque dolores.','Vel quibusdam sit quibusdam molestias doloremque unde. Amet fugit eligendi doloremque provident ipsum odio corrupti id. Est sint itaque architecto sint dolor suscipit esse.',29,1,0,6231,'2013-06-30 19:34:24','2020-05-17 19:24:58'),(166,23,6,'Est consequuntur consequatur dolores quidem officiis et.','Velit ullam nam rem vitae asperiores fugiat ut consectetur. Porro repudiandae quia ad commodi fugiat cumque incidunt provident. Iusto laborum quibusdam corporis dolorem aliquid quo reprehenderit. Est explicabo magnam et. Quia aut recusandae nemo sapiente hic enim tempore.',86,0,0,724530003,'2016-12-19 00:37:17','2020-05-17 19:24:58'),(167,16,21,'Voluptatem consequatur quia dolores.','Eum laudantium veniam laborum amet architecto consequatur. Sed ut enim voluptatem rerum consequatur delectus. Enim consequuntur est error voluptas quia qui ullam.',45,1,1,5,'2013-09-12 16:09:17','2020-05-17 19:24:58'),(168,17,10,'Consequatur tenetur illum rerum quia quae.','Quae et beatae aut. Ipsum deleniti aut tenetur nesciunt in dolor eos. Aut eius nisi ea odio. Placeat praesentium dolorem velit temporibus aliquid at.',64,0,1,779840566,'2011-01-11 08:32:54','2020-05-17 19:24:58'),(169,38,13,'Recusandae earum velit aut quidem nihil aperiam.','Delectus maiores sint quae autem esse laboriosam consequatur. In omnis earum ipsa illo non consectetur. Dicta corporis qui inventore non a occaecati dolores. Aut voluptatem perferendis incidunt temporibus qui.',87,1,1,9904633,'2012-06-30 18:22:00','2020-05-17 19:24:58'),(170,3,10,'Omnis voluptates asperiores et.','Dicta ut rem nisi consequatur nobis. Repellat dolor non consequatur deleniti voluptate. Eos necessitatibus et aut quibusdam ut sed alias odio. Animi enim mollitia placeat aut rerum quam.',40,1,0,3036097,'2010-09-02 15:36:22','2020-05-17 19:24:58'),(171,10,8,'Porro sunt non et ut iste.','Veritatis eligendi tempora et possimus omnis excepturi. Dignissimos dolore dolorem sint repudiandae magnam atque libero iusto. Sequi et alias voluptas nulla saepe molestiae. Accusantium cum est enim excepturi.',40,0,0,850,'2014-10-26 16:57:03','2020-05-17 19:24:58'),(172,30,13,'Cum quidem quod in.','Vel neque deleniti aliquid perspiciatis qui sunt unde fugit. Tempora in cumque et occaecati tenetur et et fugit. Debitis quas in velit ducimus qui. Aut quisquam modi quidem.',78,0,1,717386771,'2018-05-24 03:54:43','2020-05-17 19:24:58'),(173,65,12,'Quia et qui vero.','Qui quia architecto consequatur vitae minima non doloremque. Id voluptas accusamus et. Dolor corrupti praesentium voluptatem numquam eveniet dolore minima. Esse necessitatibus repellendus eum sint quo sunt dolores.',71,0,1,21513144,'2013-09-09 04:57:24','2020-05-17 19:24:58'),(174,36,22,'Quia non et sapiente sunt architecto incidunt.','Similique non veritatis harum deserunt rerum voluptatibus. Quis cupiditate eos veniam consequatur dicta. Non voluptas et quis eveniet.',18,1,1,36523,'2016-02-28 16:43:26','2020-05-17 19:24:58'),(175,47,22,'Placeat quidem quasi illum labore quia.','Dolores sit alias architecto sed quis. Voluptates iure ratione fugiat error est perspiciatis quia.',79,1,0,2324502,'2013-02-01 09:27:24','2020-05-17 19:24:58'),(176,51,18,'Mollitia ullam quam praesentium dolores et.','Sapiente blanditiis odit vel qui aperiam. Vel tempora ea esse est voluptas voluptatum. Ullam aperiam laudantium rem dolores expedita hic porro.',38,1,1,67,'2011-02-20 07:04:42','2020-05-17 19:24:58'),(177,60,24,'Molestiae rerum qui quod qui.','Ex harum dolorem occaecati aut quisquam assumenda quae. Cumque illum vitae officia alias voluptas eum commodi. Perferendis dignissimos repudiandae ut laboriosam. Et itaque assumenda voluptatum dolorem.',53,1,1,76155,'2018-03-14 11:57:26','2020-05-17 19:24:58'),(178,89,17,'Incidunt et sit quo est voluptas fugit doloremque.','Inventore qui id aut. Aut reprehenderit sit sequi voluptatem enim.',52,0,1,91854069,'2012-11-15 11:19:35','2020-05-17 19:24:58'),(179,1,14,'Ut aut ab consequatur aliquid ea ipsa.','Vero et saepe rerum qui nihil. Laudantium quia quia ut vitae itaque ut. Quam officia recusandae quo voluptate. Incidunt modi ex quibusdam est.',99,0,0,21693,'2019-05-09 04:58:07','2020-05-17 19:24:58'),(180,42,16,'Voluptatem et commodi rerum nam dolor.','Perspiciatis modi in quis rerum blanditiis autem doloribus distinctio. Et qui quia saepe quae qui quia. Molestiae assumenda rerum quia quis explicabo.',40,0,0,6248235,'2019-06-30 02:58:27','2020-05-17 19:24:58'),(181,28,12,'Adipisci quisquam voluptate quae maxime error perferendis.','Qui quo autem sed doloribus. A nisi cum mollitia. Beatae et illum omnis eligendi. Saepe et ad quia hic aut quasi.',100,1,1,2,'2012-10-10 21:35:46','2020-05-17 19:24:58'),(182,79,14,'Ut iste delectus occaecati quae nobis repellat et.','Consequuntur ut debitis quo quia. Omnis dignissimos culpa unde ex velit doloribus quam. Fuga fugit voluptates suscipit et illo modi beatae. Non vitae assumenda suscipit suscipit. Laudantium expedita cum quia sunt optio exercitationem.',82,0,1,64010,'2020-01-27 17:11:34','2020-05-17 19:24:58'),(183,83,6,'Et sed impedit eos facere.','Laborum fugiat voluptatibus molestiae. Vero sapiente aut eligendi id enim ducimus. Nulla nihil voluptatem dolorum necessitatibus ut. Consequatur velit nihil minima quae labore.',7,0,1,6490,'2013-10-26 12:32:05','2020-05-17 19:24:58'),(184,52,14,'Fuga sint molestiae omnis et ut quos.','Et minima quos sunt nesciunt. Sit velit asperiores voluptatem qui est labore numquam perferendis. Aut non minus minima sapiente soluta neque. Est aspernatur in quae.',88,1,0,19006,'2018-04-17 03:40:46','2020-05-17 19:24:58'),(185,94,24,'Eveniet voluptatem omnis velit totam dolorem architecto.','Eius aut sapiente ad. Fugiat eaque porro magni ad sint. Quia numquam est modi voluptatem est.',18,0,1,36374515,'2020-05-10 13:05:36','2020-05-17 19:24:58'),(186,77,4,'Ex minus nisi nobis aliquam quaerat placeat rerum.','Dolor quae et harum omnis aut eum. Maiores consequatur omnis sint facilis. Molestias sed aliquam delectus eum error quos animi.',27,0,1,56586507,'2010-07-16 07:52:09','2020-05-17 19:24:58'),(187,94,23,'Quos et est facilis quo.','Eum sint cum rerum quibusdam officiis nihil. Id sed quam laudantium similique repellat cupiditate. Possimus nam est nostrum ut.',79,1,1,9369787,'2019-06-18 11:46:54','2020-05-17 19:24:58'),(188,86,1,'Illum quas soluta nostrum.','Eaque beatae laborum dolorum doloribus quo. Itaque tempore aliquid nisi atque deleniti sunt sed. Necessitatibus ea saepe reiciendis esse ut dolore. Nemo et quasi veritatis ut vel exercitationem accusamus voluptas.',15,0,1,68497,'2019-11-15 03:20:28','2020-05-17 19:24:58'),(189,9,10,'Voluptas amet rerum facere sed hic a cum.','Voluptatem ullam esse molestias blanditiis et accusamus. Consectetur reprehenderit perferendis ut. Aut ut perspiciatis quae labore id consequuntur. Amet quas cumque nulla dignissimos consequatur.',36,0,0,3,'2016-09-02 21:53:54','2020-05-17 19:24:58'),(190,65,23,'Perspiciatis ut beatae rerum et saepe ut earum.','Blanditiis qui est numquam et non rem est. Officia ut modi architecto doloribus aut soluta ex. Fugiat ea magnam tenetur rerum iure.',37,0,1,2613,'2014-05-26 23:42:41','2020-05-17 19:24:58'),(191,75,9,'Magnam et vero et quo explicabo.','Ut aperiam earum alias. Quo totam in rerum sed. Autem earum nesciunt in quo et sequi tempore et. Aliquid assumenda voluptate doloremque quis fugiat animi.',76,1,0,729,'2014-09-12 10:35:30','2020-05-17 19:19:25'),(192,40,2,'Nesciunt qui distinctio ipsum voluptatem quia porro officiis laborum.','Expedita eligendi inventore qui vel. Hic quis aspernatur est. Sint repellat repellat ipsa qui aut. Cum eveniet iusto molestiae distinctio praesentium.',69,1,0,812113,'2014-03-10 08:36:13','2020-05-17 19:24:58'),(193,49,9,'Voluptas autem quas fugiat quibusdam qui rem adipisci sit.','Et eum rerum inventore dolores numquam rerum. Et accusamus placeat placeat. Omnis molestias sint quod nemo voluptatem quas porro. Ut libero dolores iure et.',17,1,0,125105,'2012-09-10 18:28:29','2020-05-17 19:24:58'),(194,30,10,'Voluptatibus sit alias in delectus maxime ratione.','Est fugiat eum est ex sit magni quasi. Asperiores non quibusdam sit quaerat. Iusto deserunt vero harum est.',77,0,0,810885,'2010-12-25 06:12:33','2020-05-17 19:24:58'),(195,4,23,'Nihil voluptas rerum similique et ea.','Omnis doloribus eum laborum aut. Animi repellat nulla enim et sit. Doloribus voluptate et qui quas.',32,1,0,37940503,'2016-07-27 10:10:19','2020-05-17 19:24:58'),(196,33,10,'Voluptas eos facilis architecto in aliquam.','Eligendi ut harum fuga minima fuga similique consequatur. Ea cumque officia est aut fugit pariatur. Ad libero sed ut eius iste corrupti libero. Rerum possimus illo quis sit explicabo.',31,0,1,30796,'2016-08-04 10:47:19','2020-05-17 19:24:58'),(197,52,4,'Veniam deserunt quia velit est.','Fugiat id nostrum illum et consequatur odit labore. Consequatur assumenda delectus qui. Quis repudiandae maiores laborum sed ut nesciunt.',56,0,1,0,'2020-03-27 16:51:59','2020-05-17 19:24:58'),(198,88,16,'Quaerat officiis voluptatum ut numquam illum eius tempora porro.','Sit quibusdam blanditiis necessitatibus cum ducimus. Dolor laboriosam reprehenderit nulla suscipit. Et non dicta est.',88,0,0,3203,'2019-11-27 13:55:14','2020-05-17 19:24:58'),(199,52,16,'Aperiam nulla odit fugit iste.','Corporis eligendi repellat porro necessitatibus pariatur. Rerum est eaque aut sunt. Nesciunt cum autem sint voluptatem ducimus.',72,1,1,0,'2013-06-11 06:23:43','2020-05-17 19:24:58'),(200,32,9,'Amet est molestias et vel dolorem id est rem.','Et earum explicabo et reiciendis. Omnis suscipit ut quae temporibus ab numquam commodi. Eius ad reiciendis sed.',94,1,1,6954,'2015-10-28 06:37:49','2020-05-17 19:19:25');
/*!40000 ALTER TABLE `posts` ENABLE KEYS */;
UNLOCK TABLES;

--
-- Table structure for table `profiles`
--

DROP TABLE IF EXISTS `profiles`;
/*!40101 SET @saved_cs_client     = @@character_set_client */;
/*!50503 SET character_set_client = utf8mb4 */;
CREATE TABLE `profiles` (
  `user_id` int unsigned NOT NULL,
  `photo_id` int unsigned DEFAULT NULL,
  `gender` char(1) CHARACTER SET utf8 COLLATE utf8_unicode_ci NOT NULL,
  `birthday` date DEFAULT NULL,
  `city` varchar(130) CHARACTER SET utf8 COLLATE utf8_unicode_ci DEFAULT NULL,
  `country` varchar(130) CHARACTER SET utf8 COLLATE utf8_unicode_ci DEFAULT NULL,
  `updated_at` datetime DEFAULT CURRENT_TIMESTAMP ON UPDATE CURRENT_TIMESTAMP,
  PRIMARY KEY (`user_id`),
  KEY `profiles_photo_id_fk` (`photo_id`),
  CONSTRAINT `profiles_photo_id_fk` FOREIGN KEY (`photo_id`) REFERENCES `media` (`id`) ON DELETE SET NULL,
  CONSTRAINT `profiles_user_id_fk` FOREIGN KEY (`user_id`) REFERENCES `users` (`id`) ON DELETE CASCADE
) ENGINE=InnoDB DEFAULT CHARSET=utf8 COLLATE=utf8_unicode_ci;
/*!40101 SET character_set_client = @saved_cs_client */;

--
-- Dumping data for table `profiles`
--

LOCK TABLES `profiles` WRITE;
/*!40000 ALTER TABLE `profiles` DISABLE KEYS */;
INSERT INTO `profiles` VALUES (1,48,'m','2003-12-06','South Cadenburgh','Puerto Rico','2020-05-11 15:52:57'),(2,31,'w','1988-06-26','Port Jacky','Heard Island and McDonald Islands','2020-05-11 15:52:57'),(3,13,'w','2012-08-13','South Kurt','Solomon Islands','2020-05-11 15:52:57'),(4,69,'m','1976-12-15','North Dewitt','Saint Lucia','2020-05-11 15:52:57'),(5,5,'m','2010-10-13','North Anabellefort','Mozambique','2020-05-11 15:52:57'),(6,20,'w','1977-08-14','Jimmiefort','Spain','2020-05-11 15:52:57'),(7,84,'w','1987-12-08','Port Shannonmouth','Malta','2020-05-11 15:52:57'),(8,57,'m','2000-11-02','South Barryshire','Peru','2020-05-11 15:52:57'),(9,35,'m','2002-03-13','South Jacklyn','Venezuela','2020-05-11 15:52:57'),(10,4,'w','2002-02-21','Emmettville','Czech Republic','2020-05-11 15:52:57'),(11,14,'m','1970-06-04','Litzymouth','Hong Kong','2020-05-11 15:52:57'),(12,57,'w','1994-04-10','Trevorburgh','Chad','2020-05-11 15:52:57'),(13,43,'m','2019-08-01','East Gracie','San Marino','2020-05-11 15:52:57'),(14,44,'m','1992-07-01','Bradenburgh','Malta','2020-05-11 15:52:57'),(15,89,'m','1986-02-18','Conorbury','Equatorial Guinea','2020-05-11 15:52:57'),(16,14,'m','2015-12-06','Lake Virginia','Guatemala','2020-05-11 15:52:57'),(17,2,'w','2013-06-15','Feestside','Mongolia','2020-05-11 15:52:57'),(18,70,'m','1982-12-17','Westleyberg','British Indian Ocean Territory (Chagos Archipelago)','2020-05-11 15:52:57'),(19,40,'m','1980-01-15','New Rocky','Taiwan','2020-05-11 15:52:57'),(20,90,'w','1998-08-01','North Justynland','Greece','2020-05-11 15:52:57'),(21,31,'w','1974-09-19','Lake Gabriellafort','Saint Pierre and Miquelon','2020-05-11 15:52:57'),(22,82,'w','1975-02-13','South Leonor','San Marino','2020-05-11 15:52:57'),(23,19,'m','1991-12-10','North Blairstad','Jersey','2020-05-11 15:52:57'),(24,48,'w','2011-04-21','East D\'angelo','Uruguay','2020-05-11 15:52:57'),(25,84,'m','2012-10-10','Roobstad','Antarctica (the territory South of 60 deg S)','2020-05-11 15:52:57'),(26,73,'w','1991-04-14','South Isobel','Sri Lanka','2020-05-11 15:52:57'),(27,12,'m','1973-04-21','Joaquinchester','Barbados','2020-05-11 15:52:57'),(28,41,'m','2015-11-07','South Misaelchester','Sri Lanka','2020-05-11 15:52:57'),(29,68,'w','2007-06-14','Lake Deloresland','Mexico','2020-05-11 15:52:57'),(30,16,'m','2018-11-28','Naderhaven','Pitcairn Islands','2020-05-11 15:52:57'),(31,77,'m','2012-05-07','West Maryse','Denmark','2020-05-11 15:52:57'),(32,36,'m','1985-03-18','Sporershire','Guadeloupe','2020-05-11 15:52:57'),(33,49,'m','1978-08-21','South Nashberg','United Arab Emirates','2020-05-11 15:52:57'),(34,34,'m','2015-02-23','North Roxanneside','Ireland','2020-05-11 15:52:57'),(35,26,'w','1990-02-18','Isacstad','South Georgia and the South Sandwich Islands','2020-05-11 15:52:57'),(36,24,'m','1990-11-26','Madelinetown','Tonga','2020-05-11 15:52:57'),(37,45,'w','1976-11-30','New Selina','Oman','2020-05-11 15:52:57'),(38,49,'m','1993-08-11','North Kodyhaven','Maldives','2020-05-11 15:52:57'),(39,11,'w','2018-04-27','South Alexane','Slovakia (Slovak Republic)','2020-05-11 15:52:57'),(40,6,'m','2017-04-29','Port Kenhaven','Moldova','2020-05-11 15:52:57'),(41,99,'w','1984-02-03','Port Monteton','Montserrat','2020-05-11 15:52:57'),(42,77,'w','1987-05-24','Kirlinport','Puerto Rico','2020-05-11 15:52:57'),(43,88,'w','2016-08-31','Osinskifort','South Georgia and the South Sandwich Islands','2020-05-11 15:52:57'),(44,7,'m','2017-08-22','Zacharyhaven','Spain','2020-05-11 15:52:57'),(45,70,'w','1970-07-15','West Kyleville','Slovakia (Slovak Republic)','2020-05-11 15:52:57'),(46,28,'m','1994-03-11','Billstad','Saint Pierre and Miquelon','2020-05-11 15:52:57'),(47,32,'m','2008-07-01','Schulistchester','Korea','2020-05-11 15:52:57'),(48,74,'m','1980-02-19','Port Evangelinebury','Uruguay','2020-05-11 15:52:57'),(49,76,'m','2002-07-24','South Beatriceville','Oman','2020-05-11 15:52:57'),(50,55,'w','1985-08-29','West Gregory','Uganda','2020-05-11 15:52:57'),(51,47,'m','1970-11-05','Stephontown','Ireland','2020-05-11 15:52:57'),(52,70,'w','1998-01-23','Bayleefurt','Isle of Man','2020-05-11 15:52:57'),(53,7,'w','2010-02-03','Mantechester','United Arab Emirates','2020-05-11 15:52:57'),(54,24,'m','1972-06-28','Rebekahbury','Antigua and Barbuda','2020-05-11 15:52:57'),(55,99,'m','1970-02-28','North Gracielaland','Christmas Island','2020-05-11 15:52:57'),(56,24,'w','1998-07-05','Jerdefurt','South Georgia and the South Sandwich Islands','2020-05-11 15:52:57'),(57,20,'m','2014-01-11','Schillerview','Palestinian Territory','2020-05-11 15:52:57'),(58,27,'m','2015-07-21','Ornside','Sweden','2020-05-11 15:52:57'),(59,77,'w','2008-01-14','Hauckview','Cote d\'Ivoire','2020-05-11 15:52:57'),(60,3,'w','2004-07-06','Ziemeland','Nicaragua','2020-05-11 15:52:57'),(61,82,'m','1984-12-17','Georgiannabury','United States Minor Outlying Islands','2020-05-11 15:52:57'),(62,3,'w','1975-03-11','North Hazelborough','Pakistan','2020-05-11 15:52:57'),(63,68,'m','1985-10-02','East Pete','Costa Rica','2020-05-11 15:52:57'),(64,28,'w','1986-02-01','Bednarchester','Heard Island and McDonald Islands','2020-05-11 15:52:57'),(65,38,'m','2019-06-27','Schuppeside','Austria','2020-05-11 15:52:57'),(66,5,'m','1978-11-08','North Daphne','Singapore','2020-05-11 15:52:57'),(67,11,'m','1991-06-01','Konopelskihaven','El Salvador','2020-05-11 15:52:57'),(68,41,'w','2016-07-22','Port Marion','Denmark','2020-05-11 15:52:57'),(69,69,'w','1974-03-12','Leohaven','Moldova','2020-05-11 15:52:57'),(70,20,'m','1980-01-27','Welchborough','Albania','2020-05-11 15:52:57'),(71,96,'w','1982-07-15','Port Willaborough','Isle of Man','2020-05-11 15:52:57'),(72,16,'w','1998-05-27','Stromantown','Niue','2020-05-11 15:52:57'),(73,93,'m','2011-06-27','Port Madisyn','Uruguay','2020-05-11 15:52:57'),(74,18,'m','1978-04-24','Gibsonborough','Iraq','2020-05-11 15:52:57'),(75,9,'w','1971-10-30','Blickville','China','2020-05-11 15:52:57'),(76,89,'m','1995-01-01','South Benton','Papua New Guinea','2020-05-11 15:52:57'),(77,19,'w','2019-11-02','Ankundingtown','Solomon Islands','2020-05-11 15:52:57'),(78,25,'w','2001-01-16','Lake Jayneville','Suriname','2020-05-11 15:52:57'),(79,71,'w','2014-10-02','Braunville','Kenya','2020-05-11 15:52:57'),(80,78,'w','1993-03-09','East Mitchelfort','Venezuela','2020-05-11 15:52:57'),(81,77,'m','1994-12-20','Zemlakside','Montserrat','2020-05-11 15:52:57'),(82,52,'m','1992-07-11','Ritchiefort','Czech Republic','2020-05-11 15:52:57'),(83,27,'m','1982-10-27','North Annetteside','Wallis and Futuna','2020-05-11 15:52:57'),(84,80,'m','1974-01-07','O\'Reillyville','Greenland','2020-05-11 15:52:57'),(85,18,'w','2009-07-01','Dantemouth','Saint Vincent and the Grenadines','2020-05-11 15:52:57'),(86,47,'w','2004-01-14','West Tatum','Liechtenstein','2020-05-11 15:52:57'),(87,84,'w','1995-08-24','New Hector','Seychelles','2020-05-11 15:52:57'),(88,76,'m','1971-07-24','Darefort','Guatemala','2020-05-11 15:52:57'),(89,29,'w','2017-01-22','Stehrchester','Brunei Darussalam','2020-05-11 15:52:57'),(90,15,'m','1988-11-03','Lake Clifton','Macedonia','2020-05-11 15:52:57'),(91,89,'m','2009-06-14','Port Sofiaport','Niger','2020-05-11 15:52:57'),(92,100,'m','1974-08-03','Port Calista','Panama','2020-05-11 15:52:57'),(93,33,'w','1981-11-23','New Lonzo','Congo','2020-05-11 15:52:57'),(94,64,'m','1977-04-09','Bartonport','Cape Verde','2020-05-11 15:52:57'),(95,21,'m','1987-05-10','Lake Wilton','Saint Vincent and the Grenadines','2020-05-11 15:52:57'),(96,10,'m','2006-12-11','Alyceton','Eritrea','2020-05-11 15:52:57'),(97,88,'w','2016-01-01','Magdalenaberg','Lebanon','2020-05-11 15:52:57'),(98,11,'m','1986-12-26','Giuseppeview','Belgium','2020-05-11 15:52:57'),(99,91,'w','1981-07-01','New Estefaniahaven','Honduras','2020-05-11 15:52:57'),(100,18,'w','1983-08-13','Muellerbury','Turkmenistan','2020-05-11 15:52:57');
/*!40000 ALTER TABLE `profiles` ENABLE KEYS */;
UNLOCK TABLES;

--
-- Table structure for table `target_types`
--

DROP TABLE IF EXISTS `target_types`;
/*!40101 SET @saved_cs_client     = @@character_set_client */;
/*!50503 SET character_set_client = utf8mb4 */;
CREATE TABLE `target_types` (
  `id` int unsigned NOT NULL AUTO_INCREMENT,
  `name` varchar(255) NOT NULL,
  `created_at` datetime DEFAULT CURRENT_TIMESTAMP,
  PRIMARY KEY (`id`),
  UNIQUE KEY `name` (`name`)
) ENGINE=InnoDB AUTO_INCREMENT=5 DEFAULT CHARSET=utf8mb4 COLLATE=utf8mb4_0900_ai_ci;
/*!40101 SET character_set_client = @saved_cs_client */;

--
-- Dumping data for table `target_types`
--

LOCK TABLES `target_types` WRITE;
/*!40000 ALTER TABLE `target_types` DISABLE KEYS */;
INSERT INTO `target_types` VALUES (1,'messages','2020-05-17 12:01:57'),(2,'users','2020-05-17 12:01:57'),(3,'media','2020-05-17 12:01:57'),(4,'posts','2020-05-17 12:01:57');
/*!40000 ALTER TABLE `target_types` ENABLE KEYS */;
UNLOCK TABLES;

--
-- Table structure for table `user_statuses`
--

DROP TABLE IF EXISTS `user_statuses`;
/*!40101 SET @saved_cs_client     = @@character_set_client */;
/*!50503 SET character_set_client = utf8mb4 */;
CREATE TABLE `user_statuses` (
  `id` int unsigned NOT NULL AUTO_INCREMENT,
  `name` varchar(150) NOT NULL,
  PRIMARY KEY (`id`),
  UNIQUE KEY `name` (`name`)
) ENGINE=InnoDB AUTO_INCREMENT=4 DEFAULT CHARSET=utf8mb4 COLLATE=utf8mb4_0900_ai_ci;
/*!40101 SET character_set_client = @saved_cs_client */;

--
-- Dumping data for table `user_statuses`
--

LOCK TABLES `user_statuses` WRITE;
/*!40000 ALTER TABLE `user_statuses` DISABLE KEYS */;
INSERT INTO `user_statuses` VALUES (1,'active'),(2,'blocked'),(3,'deleted');
/*!40000 ALTER TABLE `user_statuses` ENABLE KEYS */;
UNLOCK TABLES;

--
-- Table structure for table `users`
--

DROP TABLE IF EXISTS `users`;
/*!40101 SET @saved_cs_client     = @@character_set_client */;
/*!50503 SET character_set_client = utf8mb4 */;
CREATE TABLE `users` (
  `id` int unsigned NOT NULL AUTO_INCREMENT,
  `first_name` varchar(100) CHARACTER SET utf8 COLLATE utf8_unicode_ci NOT NULL,
  `last_name` varchar(100) CHARACTER SET utf8 COLLATE utf8_unicode_ci NOT NULL,
  `email` varchar(100) CHARACTER SET utf8 COLLATE utf8_unicode_ci NOT NULL,
  `phone` varchar(100) CHARACTER SET utf8 COLLATE utf8_unicode_ci NOT NULL,
  `status_id` int unsigned DEFAULT NULL,
  `created_at` datetime DEFAULT CURRENT_TIMESTAMP,
  `updated_at` datetime DEFAULT CURRENT_TIMESTAMP ON UPDATE CURRENT_TIMESTAMP,
  PRIMARY KEY (`id`),
  UNIQUE KEY `email` (`email`),
  UNIQUE KEY `phone` (`phone`),
  KEY `users_status_id_fk` (`status_id`),
  CONSTRAINT `users_status_id_fk` FOREIGN KEY (`status_id`) REFERENCES `user_statuses` (`id`) ON DELETE SET NULL
) ENGINE=InnoDB AUTO_INCREMENT=101 DEFAULT CHARSET=utf8 COLLATE=utf8_unicode_ci;
/*!40101 SET character_set_client = @saved_cs_client */;

--
-- Dumping data for table `users`
--

LOCK TABLES `users` WRITE;
/*!40000 ALTER TABLE `users` DISABLE KEYS */;
INSERT INTO `users` VALUES (1,'Golden','O\'Kon','ewald.ledner@example.com','021.072.2405x992',3,'1995-11-06 18:01:07','2020-05-11 14:28:54'),(2,'Josefina','Heller','kianna77@example.net','(392)924-7388x69988',3,'2006-11-22 01:47:46','2020-05-11 14:28:54'),(3,'Francesca','Harvey','sherwood66@example.org','(020)228-3891x7049',2,'2013-06-14 03:27:05','2020-05-11 14:28:54'),(4,'Brannon','Prohaska','hoeger.pansy@example.net','(549)203-1332',3,'2009-01-22 05:56:30','2020-05-11 14:28:54'),(5,'Ethel','Hermann','jlangworth@example.com','+76(1)8542530585',2,'2016-04-20 15:06:15','2020-05-11 14:28:54'),(6,'Crystel','Balistreri','lauryn33@example.com','1-531-165-0636',3,'1983-05-10 14:21:04','2020-05-11 14:28:54'),(7,'Dereck','Miller','nikolaus.abigayle@example.org','343.631.3929',1,'2011-05-14 18:31:56','2020-05-11 11:02:02'),(8,'Jettie','Beatty','mercedes.jenkins@example.com','+65(8)0476425272',3,'2004-04-09 15:13:23','2020-05-11 14:28:54'),(9,'Joesph','Muller','uhagenes@example.com','073-794-7901x80476',2,'2019-07-07 17:45:52','2020-05-11 14:28:54'),(10,'Marilie','Jacobi','oheaney@example.com','288-232-2255x195',2,'1992-11-07 03:29:25','2020-05-11 14:28:54'),(11,'Jairo','Terry','gabriel43@example.com','01211353610',3,'2016-09-20 21:21:37','2020-05-11 14:28:54'),(12,'Rogelio','Tillman','wilmer.klocko@example.org','1-931-372-6343',1,'1978-05-04 20:51:34','2017-05-19 09:38:02'),(13,'Kianna','Simonis','mable.bernhard@example.com','249-832-7060x8964',2,'2002-05-05 00:54:09','2020-05-11 14:28:54'),(14,'Carroll','Metz','everette.leffler@example.com','+45(5)4070496711',1,'2006-01-14 20:52:30','2017-03-28 17:18:38'),(15,'Alycia','Volkman','lbogisich@example.com','+82(7)9707938274',3,'1993-11-12 23:38:21','2020-05-11 14:28:54'),(16,'Anais','Hamill','owalter@example.net','(674)414-9418',1,'2014-11-08 04:59:38','2020-05-11 11:02:02'),(17,'Ara','Rutherford','juvenal18@example.com','971.185.4769x474',3,'2015-04-06 16:54:30','2020-05-11 14:28:54'),(18,'Bryana','Mitchell','lehner.timmothy@example.net','019.571.4009x294',2,'1972-11-24 19:50:17','2020-05-11 14:28:54'),(19,'Joshua','Langworth','wyman.ebert@example.com','(387)494-6061x9056',2,'2003-04-03 18:39:07','2020-05-11 14:28:54'),(20,'Carey','Sauer','rdibbert@example.org','08390170665',1,'1980-06-12 08:36:33','2020-05-11 11:02:02'),(21,'Kennedy','Koss','leuschke.alfred@example.com','441-205-1570x86059',2,'1974-11-04 22:57:21','2020-05-11 14:28:54'),(22,'Zion','Hackett','zspencer@example.net','567.652.1861',3,'1970-02-08 12:34:46','2020-05-11 14:28:54'),(23,'Coralie','Cummings','mossie59@example.net','(809)999-7003x17654',2,'1987-02-20 01:25:01','2020-05-11 14:28:54'),(24,'Mozell','Kiehn','jillian.weissnat@example.com','(839)609-2944x09913',1,'2012-07-05 12:34:05','2018-01-07 02:11:01'),(25,'Larue','Bosco','manuel.zemlak@example.net','220-376-8732',3,'2019-07-29 08:39:55','2020-05-11 14:28:54'),(26,'Gunnar','Mante','asha60@example.org','510-869-3968',2,'2018-09-14 09:24:21','2020-05-11 14:28:54'),(27,'Randall','Bruen','ernest77@example.com','381.429.5639x88656',1,'2016-11-30 05:04:04','2020-05-11 11:02:02'),(28,'Isabella','Lynch','lupton@example.org','339-916-0793',2,'2018-05-04 14:24:47','2020-05-11 14:28:54'),(29,'Cali','Kuhn','bins.dexter@example.org','01442102195',1,'2004-02-29 20:02:55','2007-09-28 11:13:52'),(30,'Kaylah','Ankunding','kuvalis.otto@example.net','1-152-083-5275x118',3,'1974-07-23 21:11:07','2020-05-11 14:28:54'),(31,'Lindsay','Powlowski','fabiola57@example.org','688.650.1471x71951',1,'1993-10-18 05:39:01','2020-05-11 11:02:02'),(32,'Lawson','Feeney','heller.emily@example.net','818-281-2726',1,'2001-06-06 22:03:01','2002-10-27 17:28:07'),(33,'Gaston','Okuneva','renner.liliana@example.com','882-044-9378',2,'1981-08-21 05:30:46','2020-05-11 14:28:54'),(34,'Roselyn','McKenzie','abigail.wisozk@example.org','1-757-111-7960',3,'1997-10-29 11:07:46','2020-05-11 14:28:54'),(35,'Vesta','Parisian','kreiger.tito@example.org','314-197-9279',3,'2006-08-10 17:15:43','2020-05-11 14:28:54'),(36,'Itzel','Bahringer','terry.vicky@example.org','1-762-608-4474x03592',3,'2015-10-30 22:06:52','2020-05-11 14:28:54'),(37,'Sylvester','Emmerich','pacocha.shawn@example.org','+94(3)9331986709',3,'1999-07-13 05:23:08','2020-05-11 14:28:54'),(38,'Henriette','Schroeder','beier.alexandrea@example.net','444-597-4182x812',1,'2007-02-11 11:49:01','2020-05-11 11:02:02'),(39,'Milford','Schowalter','christy.heller@example.net','1-800-729-2426',3,'1980-08-01 19:17:25','2020-05-11 14:28:54'),(40,'Gardner','Howell','esta.herzog@example.org','07223917108',3,'2009-04-30 17:38:58','2020-05-11 14:28:54'),(41,'Rosendo','Swaniawski','ctoy@example.net','1-568-098-0897x45357',2,'2016-05-09 10:35:11','2020-05-11 14:28:54'),(42,'Leann','Satterfield','paolo.marquardt@example.com','(506)247-0366',3,'1989-07-18 00:11:21','2020-05-11 14:28:54'),(43,'Selina','Powlowski','voberbrunner@example.net','926.230.8739x1130',3,'1975-04-27 13:40:43','2020-05-11 14:28:54'),(44,'Buster','Murazik','reta.gerhold@example.com','377.812.1693x92996',3,'1982-12-21 03:15:54','2020-05-11 14:28:54'),(45,'Maymie','Parisian','greenfelder.noemie@example.org','259.212.4131',1,'1987-01-29 00:52:09','1991-10-03 12:43:37'),(46,'Angel','Schoen','beer.vivien@example.net','1-492-969-9009x3195',1,'1972-08-25 12:44:31','2020-05-11 11:02:02'),(47,'Jamison','Ernser','stroman.krista@example.org','295-278-1176x2177',1,'1973-07-13 01:08:55','2010-03-04 04:20:57'),(48,'Hayley','Volkman','celine02@example.com','1-926-142-6711',3,'1983-01-15 00:22:15','2020-05-11 14:28:54'),(49,'Nadia','Paucek','demario52@example.org','(720)537-2293x076',1,'2008-03-19 04:31:48','2020-05-11 11:02:02'),(50,'Clarabelle','Swift','flatley.adrien@example.org','(880)766-9618x477',2,'1984-01-03 23:03:06','2020-05-11 14:28:54'),(51,'Hershel','Simonis','hagenes.ford@example.com','1-139-328-8247x12847',3,'2017-05-29 20:29:24','2020-05-11 14:28:54'),(52,'Augustine','Waters','cormier.jerad@example.net','(993)089-3644',2,'1970-02-17 02:07:05','2020-05-11 14:28:54'),(53,'Kip','Lebsack','orlando.hoppe@example.com','1-903-012-0170x3199',2,'1996-01-21 09:03:13','2020-05-11 14:28:54'),(54,'Martine','Heathcote','yost.jose@example.org','(709)281-1781',2,'1981-03-21 12:43:15','2020-05-11 14:28:54'),(55,'Michele','Hand','bryon.deckow@example.net','075-194-3573x695',1,'1999-09-30 19:36:08','2003-02-23 20:02:46'),(56,'Gerardo','Blanda','veum.clifton@example.com','068-260-6398x60719',1,'2014-02-12 11:03:02','2020-05-11 11:02:02'),(57,'Kian','Harris','morissette.jessy@example.net','04415982755',1,'1984-04-12 20:02:45','2000-06-14 22:52:12'),(58,'Twila','Crooks','savanna98@example.net','330.906.5542x97245',2,'2014-05-18 14:20:38','2020-05-11 14:28:54'),(59,'Benjamin','Torp','ernie.ledner@example.com','1-413-005-5107',1,'1977-10-31 20:09:23','1988-04-23 17:30:29'),(60,'Harrison','Fahey','crooks.emory@example.com','1-484-703-3860',1,'1972-05-29 06:34:37','2017-07-21 21:32:39'),(61,'Mable','McCullough','rocio.hudson@example.net','1-127-331-5119x159',1,'2011-08-26 22:02:42','2020-05-11 11:02:02'),(62,'Kameron','Hayes','pbode@example.org','1-153-689-2470x89479',2,'1982-06-26 16:18:04','2020-05-11 14:28:54'),(63,'Lucio','Borer','elarson@example.org','257.054.8792',3,'1975-01-30 10:13:59','2020-05-11 14:28:54'),(64,'Jakob','Emmerich','bartell.lilian@example.net','(058)195-5328',3,'2007-09-09 13:23:06','2020-05-11 14:28:54'),(65,'Leonie','Barton','rortiz@example.com','(702)239-1396x89666',2,'2019-09-03 04:24:38','2020-05-11 14:28:54'),(66,'Sylvia','Hodkiewicz','bahringer.vince@example.org','844.228.8623x63363',1,'2005-01-20 14:03:31','2020-05-11 11:02:02'),(67,'Baylee','Boyer','uyundt@example.net','646-773-0114x248',2,'2015-12-14 09:45:10','2020-05-11 14:28:54'),(68,'Jena','Champlin','aufderhar.holden@example.org','1-835-584-8468',3,'2010-02-02 00:45:19','2020-05-11 14:28:54'),(69,'Stacy','Orn','maida79@example.net','05570663015',1,'1994-03-16 04:01:30','1998-07-24 21:05:11'),(70,'Serena','Batz','reinhold42@example.net','1-291-102-3101x27176',1,'2010-04-23 14:33:32','2020-05-11 11:02:02'),(71,'Alek','O\'Reilly','arlene.grimes@example.net','(943)481-7904x76622',3,'1970-05-22 22:00:55','2020-05-11 14:28:54'),(72,'Ewald','Parisian','raul93@example.org','1-394-876-7168x0287',1,'1986-03-01 01:17:24','1987-08-10 16:43:48'),(73,'Jettie','Graham','streich.shanny@example.org','(106)939-8889x96384',2,'1983-11-23 10:33:54','2020-05-11 14:28:54'),(74,'Flo','Robel','vincent.swift@example.net','(264)831-1640x95915',1,'1975-04-05 07:44:24','2017-06-08 23:10:07'),(75,'Lennie','Schoen','deckow.tyrique@example.org','1-286-491-9045',3,'2003-02-06 08:15:43','2020-05-11 14:28:54'),(76,'Raheem','Kutch','schumm.milford@example.com','(958)429-9560x2251',3,'1975-04-16 17:06:59','2020-05-11 14:28:54'),(77,'Elisha','Baumbach','irwin.kuhlman@example.org','587.364.3492x4450',1,'1990-12-06 13:06:16','2020-05-11 11:02:02'),(78,'Nicola','Crist','lynch.jalen@example.com','198.970.4661x0727',3,'1971-10-03 03:55:14','2020-05-11 14:28:54'),(79,'Brock','Jerde','darlene28@example.com','+71(1)8858310376',1,'2017-06-05 20:16:50','2020-05-11 11:02:02'),(80,'Jess','Crist','towne.arnoldo@example.com','1-415-011-3308x741',3,'2014-04-09 20:57:03','2020-05-11 14:28:54'),(81,'Rebekah','Sporer','neha98@example.com','970.093.5793x177',1,'2000-06-22 09:45:30','2020-05-11 11:02:02'),(82,'Meaghan','Cassin','ryan.karson@example.net','307-094-2775x5600',2,'1985-01-29 20:44:54','2020-05-11 14:28:54'),(83,'Mekhi','Eichmann','pbosco@example.org','1-457-760-6941x680',1,'1981-07-07 01:05:18','2020-05-11 11:02:02'),(84,'Reuben','Sawayn','birdie49@example.org','(064)274-3959x659',2,'2003-06-26 23:30:23','2020-05-11 14:28:54'),(85,'Cale','Effertz','emurazik@example.com','(223)768-0197',1,'2001-04-17 17:59:51','2013-12-26 12:11:03'),(86,'Raphael','Kemmer','lessie.gulgowski@example.net','1-116-498-2638',1,'1991-04-16 03:15:09','2020-05-11 11:02:02'),(87,'Daisha','Medhurst','co\'keefe@example.org','02330424776',3,'1995-08-21 15:05:07','2020-05-11 14:28:54'),(88,'Daryl','Gottlieb','terence83@example.org','008.005.5138x1877',2,'1996-02-26 06:30:58','2020-05-11 14:28:54'),(89,'Joy','Sawayn','jewel46@example.com','1-166-502-6913',3,'2011-10-20 17:40:31','2020-05-11 14:28:54'),(90,'Ford','Daugherty','xbeier@example.com','1-358-967-5267x549',3,'1982-10-12 17:17:32','2020-05-11 14:28:54'),(91,'Kolby','Dooley','mitchel.kutch@example.org','(627)962-9575x792',1,'1995-01-18 02:22:53','2020-05-11 11:02:02'),(92,'Lorna','Mann','nico81@example.net','(216)154-8480x978',2,'2013-04-05 23:42:48','2020-05-11 14:28:54'),(93,'Flo','Hirthe','ifadel@example.net','(498)489-4953',2,'1979-05-26 08:18:54','2020-05-11 14:28:54'),(94,'Aurelia','Hermiston','pkiehn@example.net','312-028-9800x8834',3,'1989-10-10 00:44:57','2020-05-11 14:28:54'),(95,'Ellis','Gutmann','beahan.tyson@example.org','178.758.0776x930',2,'1980-05-05 06:45:32','2020-05-11 14:28:54'),(96,'Belle','Waelchi','raquel33@example.com','1-980-662-2212x9355',2,'2003-08-17 08:28:25','2020-05-11 14:28:54'),(97,'Mckenzie','Reynolds','caleb23@example.net','1-384-612-1946',2,'1972-03-26 15:05:14','2020-05-11 14:28:54'),(98,'Danyka','Oberbrunner','koelpin.lauriane@example.net','054-341-0768',1,'1989-04-03 13:45:37','2020-05-11 11:02:02'),(99,'Kavon','Walker','gleason.leila@example.org','1-653-617-6083',1,'2004-05-31 14:34:46','2020-05-11 11:02:02'),(100,'Wilfrid','Bernhard','danial.zulauf@example.com','339-777-9733',1,'1983-02-26 09:08:05','2002-12-31 03:08:06');
/*!40000 ALTER TABLE `users` ENABLE KEYS */;
UNLOCK TABLES;
/*!40103 SET TIME_ZONE=@OLD_TIME_ZONE */;

/*!40101 SET SQL_MODE=@OLD_SQL_MODE */;
/*!40014 SET FOREIGN_KEY_CHECKS=@OLD_FOREIGN_KEY_CHECKS */;
/*!40014 SET UNIQUE_CHECKS=@OLD_UNIQUE_CHECKS */;
/*!40101 SET CHARACTER_SET_CLIENT=@OLD_CHARACTER_SET_CLIENT */;
/*!40101 SET CHARACTER_SET_RESULTS=@OLD_CHARACTER_SET_RESULTS */;
/*!40101 SET COLLATION_CONNECTION=@OLD_COLLATION_CONNECTION */;
/*!40111 SET SQL_NOTES=@OLD_SQL_NOTES */;

-- Dump completed on 2020-05-17 22:31:14
